date,building,students_present,temperature_c,ac_hours_per_day,solar_generated_kwh,electricity_kwh,water_liters,waste_kg
2025-01-01,Engineering Block,434,13.7,0.0,427.7,1137.4,14177.0,221.7
2025-01-01,Science Block,325,13.7,0.0,445.7,912.1,12163.6,147.8
2025-01-01,Admin Block,107,13.7,0.0,224.8,566.9,6103.7,62.8
2025-01-01,Student Hostel,1500,13.7,0.0,228.5,2130.6,46523.7,708.7
2025-01-01,Central Library,232,13.7,0.0,277.8,690.8,6461.4,75.4
2025-01-02,Engineering Block,487,15.8,0.0,461.2,1156.0,15879.6,215.2
2025-01-02,Science Block,344,15.8,0.0,441.3,955.3,12578.8,192.0
2025-01-02,Admin Block,110,15.8,0.0,248.5,653.8,6067.9,49.6
2025-01-02,Student Hostel,1500,15.8,0.0,267.4,2129.3,47609.2,678.3
2025-01-02,Central Library,236,15.8,0.0,257.7,675.6,7797.7,96.0
2025-01-03,Engineering Block,492,15.2,0.0,495.8,1175.6,15498.0,208.1
2025-01-03,Science Block,341,15.2,0.0,442.8,932.4,13244.9,155.6
2025-01-03,Admin Block,125,15.2,0.0,263.8,608.9,6777.7,52.8
2025-01-03,Student Hostel,1500,15.2,0.0,221.6,2131.6,47014.5,632.9
2025-01-03,Central Library,245,15.2,0.0,241.3,700.2,6649.1,92.2
2025-01-04,Engineering Block,72,16.8,0.0,418.6,821.9,11202.6,93.6
2025-01-04,Science Block,57,16.8,0.0,467.8,732.4,8974.2,73.3
2025-01-04,Admin Block,18,16.8,0.0,281.3,449.7,3978.5,27.1
2025-01-04,Student Hostel,1350,16.8,0.0,254.7,1980.2,44792.8,609.7
2025-01-04,Central Library,36,16.8,0.0,304.9,505.2,5464.9,42.1
2025-01-05,Engineering Block,72,17.1,0.0,462.8,834.1,10670.0,100.7
2025-01-05,Science Block,57,17.1,0.0,495.5,673.1,9325.6,89.0
2025-01-05,Admin Block,18,17.1,0.0,278.2,379.0,4422.3,44.0
2025-01-05,Student Hostel,1350,17.1,0.0,269.9,1952.5,43711.5,648.5
2025-01-05,Central Library,36,17.1,0.0,272.9,537.1,4746.2,46.7
2025-01-06,Engineering Block,428,17.0,0.0,474.5,1118.5,14376.6,209.4
2025-01-06,Science Block,337,17.0,0.0,420.8,947.4,11948.2,170.6
2025-01-06,Admin Block,125,17.0,0.0,238.8,617.4,7147.6,64.5
2025-01-06,Student Hostel,1500,17.0,0.0,239.6,2113.3,47041.4,720.8
2025-01-06,Central Library,245,17.0,0.0,347.8,751.5,8287.4,54.2
2025-01-07,Engineering Block,454,14.7,0.0,423.6,1150.6,15429.9,225.4
2025-01-07,Science Block,382,14.7,0.0,434.1,897.5,13695.3,150.6
2025-01-07,Admin Block,105,14.7,0.0,238.7,607.7,6118.2,67.4
2025-01-07,Student Hostel,1500,14.7,0.0,243.8,2031.5,46746.5,687.1
2025-01-07,Central Library,212,14.7,0.0,249.8,662.6,6647.4,97.5
2025-01-08,Engineering Block,465,13.0,0.0,400.5,1192.7,14114.9,208.2
2025-01-08,Science Block,377,13.0,0.0,399.8,1002.1,12698.4,191.0
2025-01-08,Admin Block,103,13.0,0.0,331.9,557.8,6315.1,72.3
2025-01-08,Student Hostel,1500,13.0,0.0,286.3,2051.0,46360.1,687.7
2025-01-08,Central Library,237,13.0,0.0,284.9,697.5,7965.8,94.7
2025-01-09,Engineering Block,420,11.6,0.0,373.5,1164.1,14879.9,179.2
2025-01-09,Science Block,338,11.6,0.0,399.7,929.4,12682.1,169.4
2025-01-09,Admin Block,112,11.6,0.0,236.5,634.5,6017.2,67.7
2025-01-09,Student Hostel,1500,11.6,0.0,286.5,2095.6,46422.6,708.9
2025-01-09,Central Library,230,11.6,0.0,209.3,676.0,6653.0,77.4
2025-01-10,Engineering Block,484,18.0,0.4,462.2,1199.8,16142.7,228.0
2025-01-10,Science Block,390,18.0,0.0,437.9,968.6,14520.9,164.4
2025-01-10,Admin Block,121,18.0,0.4,299.9,626.4,6373.3,109.5
2025-01-10,Student Hostel,1500,18.0,0.4,266.9,2100.4,47215.6,671.6
2025-01-10,Central Library,245,18.0,0.0,270.9,674.2,7425.1,125.0
2025-01-11,Engineering Block,72,15.3,0.0,440.6,866.7,9061.3,92.7
2025-01-11,Science Block,57,15.3,0.0,418.5,582.0,8238.0,95.4
2025-01-11,Admin Block,18,15.3,0.0,250.8,399.5,4878.8,32.6
2025-01-11,Student Hostel,1350,15.3,0.0,232.2,1939.6,43650.6,624.8
2025-01-11,Central Library,36,15.3,0.0,292.9,518.5,4804.7,43.3
2025-01-12,Engineering Block,72,11.0,0.0,455.2,828.6,9318.4,117.8
2025-01-12,Science Block,57,11.0,0.0,415.1,691.3,7563.4,94.3
2025-01-12,Admin Block,18,11.0,0.0,192.1,441.0,3648.3,10.0
2025-01-12,Student Hostel,1350,11.0,0.0,243.5,1973.7,43048.2,644.2
2025-01-12,Central Library,36,11.0,0.0,217.8,487.9,4697.0,64.5
2025-01-13,Engineering Block,416,14.3,0.0,419.7,1103.7,14407.0,200.7
2025-01-13,Science Block,340,14.3,0.0,397.0,960.4,12509.6,169.5
2025-01-13,Admin Block,111,14.3,0.0,243.6,592.5,7043.3,70.8
2025-01-13,Student Hostel,1500,14.3,0.0,288.0,2100.4,45858.7,670.0
2025-01-13,Central Library,249,14.3,0.0,258.5,740.2,7454.1,64.8
2025-01-14,Engineering Block,472,15.0,0.0,386.5,1128.3,16143.7,200.6
2025-01-14,Science Block,361,15.0,0.0,386.1,932.8,12819.6,151.1
2025-01-14,Admin Block,107,15.0,0.0,256.0,524.3,6045.0,58.0
2025-01-14,Student Hostel,1500,15.0,0.0,250.0,2130.4,46535.8,677.5
2025-01-14,Central Library,237,15.0,0.0,276.5,715.1,6780.3,88.0
2025-01-15,Engineering Block,464,10.2,0.0,444.8,1206.3,14253.8,230.7
2025-01-15,Science Block,380,10.2,0.0,419.6,1008.0,12387.5,153.4
2025-01-15,Admin Block,107,10.2,0.0,232.7,557.6,5784.5,60.2
2025-01-15,Student Hostel,1500,10.2,0.0,219.5,2082.1,46277.2,697.8
2025-01-15,Central Library,231,10.2,0.0,246.7,682.4,6424.3,108.2
2025-01-16,Engineering Block,428,14.6,0.0,437.2,1102.1,14960.4,169.9
2025-01-16,Science Block,329,14.6,0.0,331.0,887.1,11906.6,183.4
2025-01-16,Admin Block,117,14.6,0.0,268.0,577.2,6748.0,73.2
2025-01-16,Student Hostel,1500,14.6,0.0,236.0,2090.4,46485.6,650.8
2025-01-16,Central Library,233,14.6,0.0,286.9,739.1,7419.4,90.1
2025-01-17,Engineering Block,499,12.9,0.0,463.8,1199.5,15553.8,218.2
2025-01-17,Science Block,381,12.9,0.0,420.7,960.1,12732.7,180.7
2025-01-17,Admin Block,112,12.9,0.0,225.8,542.6,6139.2,73.7
2025-01-17,Student Hostel,1500,12.9,0.0,237.8,2056.7,45841.2,653.1
2025-01-17,Central Library,250,12.9,0.0,264.4,730.9,6592.2,69.3
2025-01-18,Engineering Block,72,15.3,0.0,466.2,753.7,10927.6,123.4
2025-01-18,Science Block,57,15.3,0.0,419.4,640.9,9464.8,90.6
2025-01-18,Admin Block,18,15.3,0.0,260.4,370.6,5208.0,15.6
2025-01-18,Student Hostel,1350,15.3,0.0,263.7,1969.3,43577.8,605.1
2025-01-18,Central Library,36,15.3,0.0,236.0,447.3,5143.9,37.0
2025-01-19,Engineering Block,72,13.4,0.0,411.0,764.1,9918.9,103.7
2025-01-19,Science Block,57,13.4,0.0,408.5,659.2,8654.2,87.5
2025-01-19,Admin Block,18,13.4,0.0,261.3,402.8,4093.4,10.0
2025-01-19,Student Hostel,1350,13.4,0.0,253.5,1945.8,43395.1,630.0
2025-01-19,Central Library,36,13.4,0.0,266.3,522.7,4911.9,67.2
2025-01-20,Engineering Block,474,13.6,0.0,451.4,1149.4,15936.6,200.1
2025-01-20,Science Block,356,13.6,0.0,488.1,976.6,11683.9,174.7
2025-01-20,Admin Block,103,13.6,0.0,263.3,565.5,5684.8,60.9
2025-01-20,Student Hostel,1500,13.6,0.0,253.0,2052.4,46722.5,667.5
2025-01-20,Central Library,225,13.6,0.0,298.4,606.4,6745.2,113.7
2025-01-21,Engineering Block,427,13.7,0.0,371.5,1124.9,14588.1,205.0
2025-01-21,Science Block,357,13.7,0.0,432.9,944.4,12977.7,164.5
2025-01-21,Admin Block,118,13.7,0.0,223.8,597.6,5690.6,89.6
2025-01-21,Student Hostel,1500,13.7,0.0,239.5,2054.1,45769.2,689.8
2025-01-21,Central Library,218,13.7,0.0,256.7,654.4,6744.8,78.0
2025-01-22,Engineering Block,498,11.1,0.0,411.9,1201.7,16026.2,228.3
2025-01-22,Science Block,342,11.1,0.0,468.4,920.6,11003.7,145.8
2025-01-22,Admin Block,118,11.1,0.0,285.1,600.1,5338.7,76.9
2025-01-22,Student Hostel,1500,11.1,0.0,213.9,2074.6,46113.6,680.4
2025-01-22,Central Library,219,11.1,0.0,258.4,657.6,6477.4,74.9
2025-01-23,Engineering Block,451,15.0,0.0,407.9,1116.6,16510.6,157.1
2025-01-23,Science Block,372,15.0,0.0,430.2,946.8,13176.3,175.8
2025-01-23,Admin Block,120,15.0,0.0,218.0,512.8,6211.8,70.0
2025-01-23,Student Hostel,1500,15.0,0.0,240.9,2079.9,46566.3,658.3
2025-01-23,Central Library,208,15.0,0.0,243.0,702.6,6671.2,96.5
2025-01-24,Engineering Block,476,12.0,0.0,418.6,1246.7,15686.0,215.8
2025-01-24,Science Block,352,12.0,0.0,374.3,942.3,12613.9,157.9
2025-01-24,Admin Block,111,12.0,0.0,200.1,570.9,5955.9,84.6
2025-01-24,Student Hostel,1500,12.0,0.0,232.2,2101.3,45993.4,676.0
2025-01-24,Central Library,230,12.0,0.0,239.4,713.5,6629.2,69.0
2025-01-25,Engineering Block,72,14.1,0.0,426.2,788.9,9022.6,86.9
2025-01-25,Science Block,57,14.1,0.0,393.9,653.1,8365.0,53.7
2025-01-25,Admin Block,18,14.1,0.0,223.9,361.3,4720.2,31.5
2025-01-25,Student Hostel,1350,14.1,0.0,225.7,1996.3,44006.4,611.0
2025-01-25,Central Library,36,14.1,0.0,283.6,520.5,4156.2,33.2
2025-01-26,Engineering Block,72,15.2,0.0,440.8,735.7,10215.5,105.7
2025-01-26,Science Block,57,15.2,0.0,479.2,661.8,8284.7,87.6
2025-01-26,Admin Block,18,15.2,0.0,217.4,419.8,4754.4,31.6
2025-01-26,Student Hostel,1350,15.2,0.0,243.5,1987.9,43040.4,621.1
2025-01-26,Central Library,36,15.2,0.0,297.9,513.3,4802.0,35.5
2025-01-27,Engineering Block,432,15.4,0.0,460.3,1203.1,15154.7,200.4
2025-01-27,Science Block,356,15.4,0.0,425.3,907.7,12448.2,170.1
2025-01-27,Admin Block,106,15.4,0.0,302.2,538.9,6389.8,17.5
2025-01-27,Student Hostel,1500,15.4,0.0,218.4,2150.8,46746.8,654.9
2025-01-27,Central Library,239,15.4,0.0,238.6,671.5,6992.0,86.3
2025-01-28,Engineering Block,466,17.5,0.0,423.7,1134.4,15477.6,188.7
2025-01-28,Science Block,386,17.5,0.0,476.1,950.5,13311.4,196.8
2025-01-28,Admin Block,119,17.5,0.0,246.9,643.8,6967.8,81.2
2025-01-28,Student Hostel,1500,17.5,0.3,204.2,2104.6,47286.7,667.9
2025-01-28,Central Library,227,17.5,0.2,258.0,671.0,8429.1,121.1
2025-01-29,Engineering Block,477,17.9,0.4,437.7,1269.6,15848.8,218.5
2025-01-29,Science Block,363,17.9,0.0,444.0,932.9,12564.1,190.9
2025-01-29,Admin Block,104,17.9,0.0,206.1,632.2,6771.9,78.0
2025-01-29,Student Hostel,1500,17.9,0.0,250.4,2134.3,46168.2,671.7
2025-01-29,Central Library,249,17.9,0.0,266.9,698.6,7772.9,108.9
2025-01-30,Engineering Block,472,15.7,0.0,464.2,1164.8,15683.1,205.8
2025-01-30,Science Block,330,15.7,0.0,388.1,972.3,12954.1,166.2
2025-01-30,Admin Block,124,15.7,0.0,285.4,628.8,5405.5,60.9
2025-01-30,Student Hostel,1500,15.7,0.0,259.3,2116.6,47202.1,663.8
2025-01-30,Central Library,234,15.7,0.0,298.1,706.5,7346.9,101.7
2025-01-31,Engineering Block,427,17.1,0.0,462.8,1157.1,14916.5,204.9
2025-01-31,Science Block,388,17.1,0.0,443.9,998.9,13757.3,177.0
2025-01-31,Admin Block,102,17.1,0.0,252.8,558.7,6911.4,94.2
2025-01-31,Student Hostel,1500,17.1,0.0,270.9,2098.9,46483.6,671.4
2025-01-31,Central Library,228,17.1,0.2,256.6,762.9,7666.3,71.0
2025-02-01,Engineering Block,180,25.6,0.5,503.8,953.9,12171.7,150.3
2025-02-01,Science Block,142,25.6,0.5,486.5,783.7,10826.2,104.6
2025-02-01,Admin Block,45,25.6,0.5,255.2,474.0,7007.6,44.1
2025-02-01,Student Hostel,1350,25.6,2.4,307.9,2161.8,45358.6,604.7
2025-02-01,Central Library,90,25.6,0.5,282.3,608.9,6980.8,73.8
2025-02-02,Engineering Block,180,25.0,0.4,480.6,915.3,12303.1,140.3
2025-02-02,Science Block,142,25.0,0.5,470.7,790.4,11022.1,117.5
2025-02-02,Admin Block,45,25.0,0.4,245.5,447.8,6152.2,28.7
2025-02-02,Student Hostel,1350,25.0,2.4,304.4,2167.8,44261.0,612.1
2025-02-02,Central Library,90,25.0,0.4,261.3,576.9,7558.7,84.6
2025-02-03,Engineering Block,1108,29.0,3.6,449.7,1970.6,26957.6,354.0
2025-02-03,Science Block,924,29.0,3.4,546.9,1729.3,22796.4,320.1
2025-02-03,Admin Block,297,29.0,3.1,282.3,1119.6,12067.7,122.0
2025-02-03,Student Hostel,1500,29.0,2.9,279.6,2282.0,48471.5,667.5
2025-02-03,Central Library,550,29.0,3.2,276.1,1194.3,12243.9,165.1
2025-02-04,Engineering Block,1181,27.9,2.7,515.0,1987.4,26602.0,410.5
2025-02-04,Science Block,829,27.9,2.9,527.5,1581.5,21848.1,302.7
2025-02-04,Admin Block,278,27.9,3.1,274.8,1111.9,11161.2,141.1
2025-02-04,Student Hostel,1500,27.9,2.8,296.0,2340.0,48388.2,659.5
2025-02-04,Central Library,570,27.9,3.3,308.0,1286.2,12334.4,176.2
2025-02-05,Engineering Block,1241,26.1,2.8,450.2,2049.1,27576.2,413.4
2025-02-05,Science Block,811,26.1,2.3,490.2,1490.4,21195.0,265.2
2025-02-05,Admin Block,305,26.1,2.2,251.6,1050.8,11098.7,151.6
2025-02-05,Student Hostel,1500,26.1,2.3,292.1,2285.9,48582.4,694.1
2025-02-05,Central Library,551,26.1,2.7,296.7,1164.3,12123.4,178.6
2025-02-06,Engineering Block,1177,22.6,1.1,440.5,1906.4,25816.8,414.9
2025-02-06,Science Block,983,22.6,1.4,438.6,1610.4,22161.6,342.3
2025-02-06,Admin Block,259,22.6,1.3,259.5,920.1,10508.2,109.2
2025-02-06,Student Hostel,1500,22.6,1.3,268.7,2246.4,48042.3,703.3
2025-02-06,Central Library,583,22.6,1.4,232.7,1129.9,12180.0,191.7
2025-02-07,Engineering Block,1214,24.3,2.0,460.0,2029.1,27221.2,429.2
2025-02-07,Science Block,978,24.3,1.7,465.8,1617.3,22999.5,360.1
2025-02-07,Admin Block,281,24.3,1.9,286.6,1037.6,10654.3,151.1
2025-02-07,Student Hostel,1500,24.3,2.0,282.3,2181.0,48120.0,683.2
2025-02-07,Central Library,544,24.3,2.1,243.3,1111.6,12111.4,155.0
2025-02-08,Engineering Block,180,27.5,0.7,502.5,940.9,12547.2,148.7
2025-02-08,Science Block,142,27.5,0.5,476.3,793.9,10312.8,122.8
2025-02-08,Admin Block,45,27.5,0.6,244.5,440.1,6502.0,33.8
2025-02-08,Student Hostel,1350,27.5,2.5,298.6,2155.5,46333.9,627.0
2025-02-08,Central Library,90,27.5,0.5,294.0,580.5,6956.1,76.6
2025-02-09,Engineering Block,180,21.5,0.1,439.6,964.0,12630.5,147.2
2025-02-09,Science Block,142,21.5,0.3,467.7,701.2,10749.0,125.5
2025-02-09,Admin Block,45,21.5,0.2,269.4,501.6,5720.1,74.0
2025-02-09,Student Hostel,1350,21.5,1.1,250.7,2104.8,43498.6,632.2
2025-02-09,Central Library,90,21.5,0.3,295.0,554.7,6330.2,74.9
2025-02-10,Engineering Block,1212,30.5,3.1,482.4,2062.9,28548.1,415.6
2025-02-10,Science Block,968,30.5,4.6,488.2,1823.5,24249.9,353.6
2025-02-10,Admin Block,281,30.5,4.7,277.0,1197.7,12040.5,138.9
2025-02-10,Student Hostel,1500,30.5,3.9,286.3,2363.6,50267.2,721.0
2025-02-10,Central Library,610,30.5,4.1,295.1,1383.2,13015.7,195.9
2025-02-11,Engineering Block,1053,22.6,1.6,463.4,1819.5,24996.1,385.5
2025-02-11,Science Block,911,22.6,1.6,453.9,1584.4,21562.4,343.9
2025-02-11,Admin Block,280,22.6,1.7,258.0,998.6,11090.6,119.0
2025-02-11,Student Hostel,1500,22.6,1.4,270.4,2210.5,47088.5,690.7
2025-02-11,Central Library,559,22.6,1.5,327.9,1202.1,12325.1,179.5
2025-02-12,Engineering Block,1113,29.2,3.3,488.6,1919.8,25235.8,427.4
2025-02-12,Science Block,873,29.2,3.6,495.4,1638.4,21278.0,315.3
2025-02-12,Admin Block,287,29.2,3.7,290.8,1165.6,12244.3,126.9
2025-02-12,Student Hostel,1500,29.2,3.7,251.0,2396.4,48838.1,678.5
2025-02-12,Central Library,533,29.2,2.9,291.4,1254.3,12027.1,150.9
2025-02-13,Engineering Block,1200,25.5,1.9,449.8,2021.9,27369.7,408.1
2025-02-13,Science Block,877,25.5,2.6,474.7,1545.1,20496.2,351.0
2025-02-13,Admin Block,284,25.5,2.7,231.5,1060.0,10941.1,127.1
2025-02-13,Student Hostel,1500,25.5,2.6,255.0,2260.3,48704.2,692.8
2025-02-13,Central Library,582,25.5,2.2,267.5,1193.3,13338.5,185.3
2025-02-14,Engineering Block,1255,28.0,3.4,486.2,2166.5,28456.4,444.0
2025-02-14,Science Block,988,28.0,2.6,450.6,1678.4,22868.2,379.5
2025-02-14,Admin Block,276,28.0,2.9,299.4,1022.6,10840.1,147.9
2025-02-14,Student Hostel,1500,28.0,3.3,274.0,2276.1,48085.0,672.0
2025-02-14,Central Library,523,28.0,3.2,266.3,1189.3,12016.4,160.6
2025-02-15,Engineering Block,180,27.9,0.6,506.5,944.8,13571.0,123.9
2025-02-15,Science Block,142,27.9,0.7,434.9,812.5,11043.8,111.4
2025-02-15,Admin Block,45,27.9,0.7,271.6,525.6,7242.7,53.7
2025-02-15,Student Hostel,1350,27.9,3.3,267.8,2110.7,44621.9,601.3
2025-02-15,Central Library,90,27.9,0.5,285.5,589.7,7224.5,53.6
2025-02-16,Engineering Block,180,22.9,0.3,500.1,914.7,12330.7,163.1
2025-02-16,Science Block,142,22.9,0.3,466.9,772.1,9721.2,134.2
2025-02-16,Admin Block,45,22.9,0.3,264.2,456.6,5653.0,49.7
2025-02-16,Student Hostel,1350,22.9,1.2,235.3,2088.4,44486.0,634.3
2025-02-16,Central Library,90,22.9,0.2,274.8,567.8,6974.9,33.3
2025-02-17,Engineering Block,1234,30.9,4.8,490.4,2243.9,27949.5,426.8
2025-02-17,Science Block,908,30.9,4.1,519.7,1819.8,23032.1,350.0
2025-02-17,Admin Block,291,30.9,4.8,241.0,1190.6,11891.8,137.7
2025-02-17,Student Hostel,1500,30.9,4.3,259.2,2330.9,48090.1,692.9
2025-02-17,Central Library,585,30.9,3.7,311.7,1313.5,13300.7,150.7
2025-02-18,Engineering Block,1125,26.8,2.6,485.7,1963.7,26827.8,393.4
2025-02-18,Science Block,971,26.8,3.1,441.9,1764.6,23370.7,337.5
2025-02-18,Admin Block,271,26.8,2.4,304.4,1046.5,11098.6,119.0
2025-02-18,Student Hostel,1500,26.8,3.0,266.4,2311.8,48591.6,668.3
2025-02-18,Central Library,569,26.8,2.7,318.1,1212.2,12384.5,192.9
2025-02-19,Engineering Block,1252,25.0,1.8,470.1,2024.1,26694.2,435.8
2025-02-19,Science Block,896,25.0,2.1,490.2,1575.1,22333.4,305.3
2025-02-19,Admin Block,276,25.0,2.0,260.1,997.8,10574.5,129.1
2025-02-19,Student Hostel,1500,25.0,2.4,261.0,2359.4,47893.5,671.8
2025-02-19,Central Library,557,25.0,2.4,243.6,1279.1,12036.8,157.8
2025-02-20,Engineering Block,1052,25.2,2.0,475.8,1805.8,25055.2,362.8
2025-02-20,Science Block,923,25.2,1.8,473.6,1669.3,22101.9,315.1
2025-02-20,Admin Block,286,25.2,2.4,315.6,1032.2,11849.1,111.9
2025-02-20,Student Hostel,1500,25.2,2.2,213.4,2259.3,47254.6,700.1
2025-02-20,Central Library,626,25.2,2.4,280.2,1292.2,12165.1,176.7
2025-02-21,Engineering Block,1170,25.2,2.3,483.4,1956.0,26564.1,407.7
2025-02-21,Science Block,828,25.2,1.7,470.2,1532.2,20588.8,288.0
2025-02-21,Admin Block,310,25.2,2.5,274.6,1088.8,11640.2,153.2
2025-02-21,Student Hostel,1500,25.2,2.3,254.0,2244.7,48535.8,715.2
2025-02-21,Central Library,552,25.2,2.4,268.9,1154.3,11758.4,145.4
2025-02-22,Engineering Block,180,26.1,0.4,511.1,961.5,12780.8,141.9
2025-02-22,Science Block,142,26.1,0.4,516.8,723.4,11977.0,107.5
2025-02-22,Admin Block,45,26.1,0.5,290.0,412.0,7413.3,76.0
2025-02-22,Student Hostel,1350,26.1,2.2,264.7,2104.0,45751.3,612.6
2025-02-22,Central Library,90,26.1,0.5,284.2,584.4,7573.4,54.4
2025-02-23,Engineering Block,180,24.7,0.4,457.9,919.0,12387.0,115.0
2025-02-23,Science Block,142,24.7,0.3,439.9,793.1,24263.5,127.0
2025-02-23,Admin Block,45,24.7,0.5,225.6,528.5,6696.3,30.6
2025-02-23,Student Hostel,1350,24.7,2.5,258.8,2182.0,44995.3,621.3
2025-02-23,Central Library,90,24.7,0.4,264.5,483.9,7076.7,51.8
2025-02-24,Engineering Block,1259,28.5,3.0,538.4,2017.7,28284.6,469.5
2025-02-24,Science Block,809,28.5,3.2,465.4,1670.9,21788.8,322.2
2025-02-24,Admin Block,284,28.5,3.6,280.6,1149.1,10873.7,142.4
2025-02-24,Student Hostel,1500,28.5,3.1,292.4,2300.5,48740.6,685.9
2025-02-24,Central Library,600,28.5,2.8,251.4,1329.1,12092.0,172.6
2025-02-25,Engineering Block,1180,25.9,2.1,492.4,1992.5,26841.5,428.6
2025-02-25,Science Block,950,25.9,2.8,465.6,1755.8,23344.5,342.1
2025-02-25,Admin Block,258,25.9,2.0,268.1,1007.5,9456.6,124.0
2025-02-25,Student Hostel,1500,25.9,2.2,318.2,2295.4,47915.2,703.9
2025-02-25,Central Library,526,25.9,2.0,276.5,1100.9,11243.2,173.7
2025-02-26,Engineering Block,1072,22.4,1.1,456.5,1805.6,23886.3,357.8
2025-02-26,Science Block,822,22.4,1.4,477.9,1529.3,20592.0,294.2
2025-02-26,Admin Block,274,22.4,1.3,263.0,975.6,10629.9,148.6
2025-02-26,Student Hostel,1500,22.4,1.6,285.4,2163.8,47861.1,698.7
2025-02-26,Central Library,606,22.4,1.5,279.2,1153.9,12823.6,176.8
2025-02-27,Engineering Block,1102,25.6,1.8,535.6,1874.0,26766.8,410.4
2025-02-27,Science Block,885,25.6,2.5,484.2,1523.9,21322.9,306.5
2025-02-27,Admin Block,277,25.6,2.6,296.5,1029.6,10548.1,107.6
2025-02-27,Student Hostel,1500,25.6,2.4,267.3,2273.9,47475.3,674.9
2025-02-27,Central Library,536,25.6,1.8,297.2,1151.6,11580.8,144.8
2025-02-28,Engineering Block,1103,26.8,2.4,465.0,1968.3,25551.2,399.7
2025-02-28,Science Block,953,26.8,3.0,457.6,1741.6,22793.2,364.6
2025-02-28,Admin Block,297,26.8,2.2,286.0,1055.7,10856.0,146.3
2025-02-28,Student Hostel,1500,26.8,2.2,327.8,2214.1,48205.9,678.2
2025-02-28,Central Library,581,26.8,2.8,257.2,1249.2,12896.4,168.8
2025-03-01,Engineering Block,180,24.5,0.4,529.6,964.4,13461.4,107.2
2025-03-01,Science Block,142,24.5,0.4,406.2,773.4,11533.7,99.2
2025-03-01,Admin Block,45,24.5,0.4,261.6,486.8,5663.1,65.9
2025-03-01,Student Hostel,1350,24.5,2.3,261.6,2175.6,45170.9,588.1
2025-03-01,Central Library,90,24.5,0.5,261.3,564.9,6802.6,69.7
2025-03-02,Engineering Block,180,30.3,0.6,470.1,941.9,13035.1,123.1
2025-03-02,Science Block,142,30.3,0.9,462.7,825.8,12317.2,89.6
2025-03-02,Admin Block,45,30.3,0.9,275.0,465.6,8044.8,87.3
2025-03-02,Student Hostel,1350,30.3,2.9,260.7,2202.5,45484.5,616.0
2025-03-02,Central Library,90,30.3,0.9,275.0,540.2,7205.7,41.0
2025-03-03,Engineering Block,1082,25.5,2.3,465.5,1891.3,25978.0,384.8
2025-03-03,Science Block,981,25.5,2.1,449.3,1709.6,23059.0,358.9
2025-03-03,Admin Block,311,25.5,2.3,263.6,1099.9,11237.0,159.6
2025-03-03,Student Hostel,1500,25.5,2.2,,2199.1,48017.3,713.4
2025-03-03,Central Library,587,25.5,2.2,298.0,1283.0,12803.7,202.0
2025-03-04,Engineering Block,1174,28.7,2.8,473.5,2074.2,27284.7,397.7
2025-03-04,Science Block,885,28.7,3.6,452.0,1698.8,47881.3,304.2
2025-03-04,Admin Block,295,28.7,3.3,307.9,1085.0,24379.7,160.2
2025-03-04,Student Hostel,1500,28.7,3.0,285.4,2301.4,48430.9,665.0
2025-03-04,Central Library,619,28.7,2.8,242.9,1319.4,13318.0,152.0
2025-03-05,Engineering Block,1084,25.2,2.1,457.9,1904.9,24006.0,365.8
2025-03-05,Science Block,937,25.2,2.5,447.7,1613.6,22357.3,328.5
2025-03-05,Admin Block,288,25.2,1.7,290.7,1010.0,10464.1,135.6
2025-03-05,Student Hostel,1500,25.2,2.2,282.5,2230.8,47878.9,679.1
2025-03-05,Central Library,614,25.2,2.5,267.8,1279.7,13698.7,201.9
2025-03-06,Engineering Block,1242,25.4,2.0,474.0,2064.9,27489.2,427.8
2025-03-06,Science Block,822,25.4,1.9,452.0,1524.7,21657.4,316.2
2025-03-06,Admin Block,300,25.4,1.9,262.3,1100.1,11196.4,146.0
2025-03-06,Student Hostel,1500,25.4,2.2,274.5,2259.9,47660.7,697.4
2025-03-06,Central Library,602,25.4,1.7,268.8,1197.6,14128.5,154.2
2025-03-07,Engineering Block,1123,30.7,4.3,485.7,2046.3,25957.7,376.8
2025-03-07,Science Block,823,30.7,3.3,482.9,1564.5,21332.1,288.0
2025-03-07,Admin Block,255,30.7,3.6,271.8,1093.2,11245.7,131.9
2025-03-07,Student Hostel,1500,30.7,4.1,279.6,2370.9,48549.7,686.3
2025-03-07,Central Library,548,30.7,3.8,278.0,1324.3,13544.9,187.4
2025-03-08,Engineering Block,180,29.2,0.6,486.5,931.5,13410.2,127.9
2025-03-08,Science Block,142,29.2,0.7,491.4,754.9,11675.2,108.7
2025-03-08,Admin Block,45,29.2,0.7,303.1,477.1,6641.7,30.0
2025-03-08,Student Hostel,1350,29.2,3.2,341.6,2136.0,44735.2,608.8
2025-03-08,Central Library,90,29.2,0.7,323.8,603.2,7307.9,69.0
2025-03-09,Engineering Block,180,25.5,0.4,541.1,912.2,12581.6,161.2
2025-03-09,Science Block,142,25.5,0.5,478.1,811.3,11160.2,92.4
2025-03-09,Admin Block,45,25.5,0.5,249.8,459.2,6118.1,24.1
2025-03-09,Student Hostel,1350,25.5,2.2,269.2,2080.7,44712.7,652.3
2025-03-09,Central Library,90,25.5,0.5,251.4,593.7,6658.4,47.6
2025-03-10,Engineering Block,1037,25.0,2.6,431.9,1833.8,24794.4,398.8
2025-03-10,Science Block,910,25.0,2.4,456.6,1591.1,22757.5,323.9
2025-03-10,Admin Block,301,25.0,2.3,267.0,1040.6,11791.9,167.4
2025-03-10,Student Hostel,1500,25.0,2.0,271.1,2231.5,46701.5,693.9
2025-03-10,Central Library,571,25.0,2.1,276.3,1164.8,11864.6,149.1
2025-03-11,Engineering Block,1161,28.7,3.2,485.9,2028.6,27312.3,420.6
2025-03-11,Science Block,829,28.7,3.7,502.7,1668.4,20886.3,308.9
2025-03-11,Admin Block,283,28.7,3.1,275.9,1062.3,11046.5,165.1
2025-03-11,Student Hostel,1500,28.7,3.6,260.7,2291.8,49180.4,724.4
2025-03-11,Central Library,530,28.7,2.9,224.5,1180.1,12236.5,181.6
2025-03-12,Engineering Block,1027,24.3,2.0,451.8,1835.2,25127.4,368.1
2025-03-12,Science Block,950,24.3,2.2,456.1,1678.4,22511.1,346.3
2025-03-12,Admin Block,282,24.3,1.7,293.9,1026.1,10314.9,113.2
2025-03-12,Student Hostel,1500,24.3,2.0,253.8,2191.0,48705.1,691.0
2025-03-12,Central Library,545,24.3,2.0,237.4,1186.4,11950.2,163.1
2025-03-13,Engineering Block,1186,27.5,2.9,472.6,2035.3,26871.2,423.9
2025-03-13,Science Block,939,27.5,3.0,516.3,1704.7,22371.2,337.6
2025-03-13,Admin Block,282,27.5,2.4,278.3,1046.8,11757.7,158.3
2025-03-13,Student Hostel,1500,27.5,2.9,242.5,2290.2,47474.3,697.4
2025-03-13,Central Library,519,27.5,2.4,281.9,1138.9,11815.9,182.9
2025-03-14,Engineering Block,1203,22.0,1.2,474.5,1944.6,26854.2,428.7
2025-03-14,Science Block,963,22.0,0.7,442.2,1570.2,21721.5,371.1
2025-03-14,Admin Block,300,22.0,1.0,296.6,1023.4,10839.2,147.9
2025-03-14,Student Hostel,1500,22.0,1.7,243.8,2214.6,47277.0,665.8
2025-03-14,Central Library,595,22.0,1.3,256.2,1189.0,12324.3,180.6
2025-03-15,Engineering Block,180,26.8,0.5,475.8,981.7,12587.7,159.5
2025-03-15,Science Block,142,26.8,0.5,527.5,698.0,11017.4,101.5
2025-03-15,Admin Block,45,26.8,0.6,347.2,436.3,6711.8,37.8
2025-03-15,Student Hostel,1350,26.8,2.4,267.7,2066.2,45120.1,598.6
2025-03-15,Central Library,90,26.8,0.5,275.9,607.4,6386.9,65.2
2025-03-16,Engineering Block,180,28.5,0.6,504.9,976.4,12953.1,133.8
2025-03-16,Science Block,142,28.5,0.7,489.9,784.2,10512.1,100.1
2025-03-16,Admin Block,45,28.5,0.5,262.5,459.3,6665.8,48.2
2025-03-16,Student Hostel,1350,28.5,3.5,301.9,2177.4,45829.4,609.1
2025-03-16,Central Library,90,28.5,0.7,284.8,599.8,7336.1,48.6
2025-03-17,Engineering Block,1225,26.3,2.4,542.9,2030.3,27743.1,453.5
2025-03-17,Science Block,930,26.3,2.1,498.2,1626.8,22168.8,323.3
2025-03-17,Admin Block,309,26.3,2.2,260.9,1098.1,11418.5,131.0
2025-03-17,Student Hostel,1500,26.3,2.7,306.3,2275.8,48396.7,689.5
2025-03-17,Central Library,511,26.3,2.7,308.3,1082.6,11435.7,163.2
2025-03-18,Engineering Block,1044,23.0,1.3,494.5,1804.7,24399.5,376.7
2025-03-18,Science Block,996,23.0,1.1,454.0,1631.3,22910.8,326.4
2025-03-18,Admin Block,292,23.0,1.2,285.3,939.2,11221.2,144.4
2025-03-18,Student Hostel,1500,23.0,1.8,276.6,2187.9,47497.4,676.1
2025-03-18,Central Library,543,23.0,1.1,283.2,1064.3,11408.0,171.4
2025-03-19,Engineering Block,1223,22.2,1.4,454.7,2002.8,26164.4,424.8
2025-03-19,Science Block,817,22.2,1.7,492.4,1492.2,20712.3,315.9
2025-03-19,Admin Block,286,22.2,1.7,326.9,999.3,11280.1,161.4
2025-03-19,Student Hostel,1500,22.2,1.1,251.5,2117.3,48486.8,671.3
2025-03-19,Central Library,518,22.2,1.0,277.4,1078.0,11401.6,139.6
2025-03-20,Engineering Block,1188,23.4,1.2,468.7,1870.1,26488.5,408.8
2025-03-20,Science Block,846,23.4,1.9,496.7,1509.8,20702.4,324.0
2025-03-20,Admin Block,258,23.4,1.8,238.9,953.0,9262.6,141.1
2025-03-20,Student Hostel,1500,23.4,1.6,285.2,2180.7,47536.3,679.5
2025-03-20,Central Library,594,23.4,1.8,258.9,1256.0,13311.7,184.7
2025-03-21,Engineering Block,1060,22.1,0.9,467.8,1751.9,25342.4,360.6
2025-03-21,Science Block,960,22.1,1.0,500.3,1617.0,22130.4,339.8
2025-03-21,Admin Block,276,22.1,1.2,246.8,941.3,10396.9,139.7
2025-03-21,Student Hostel,1500,22.1,1.5,272.7,2238.9,48610.9,689.8
2025-03-21,Central Library,566,22.1,1.1,302.6,1200.3,12178.5,154.2
2025-03-22,Engineering Block,180,25.8,0.4,452.0,884.2,13216.8,149.7
2025-03-22,Science Block,142,25.8,0.5,489.4,795.3,10811.8,153.2
2025-03-22,Admin Block,45,25.8,0.4,269.5,449.0,6505.6,34.1
2025-03-22,Student Hostel,1350,25.8,1.8,304.8,2104.8,45559.4,611.2
2025-03-22,Central Library,90,25.8,0.5,257.3,511.3,6979.4,82.3
2025-03-23,Engineering Block,180,23.5,0.3,495.0,927.4,12589.2,150.9
2025-03-23,Science Block,142,23.5,0.4,470.6,770.2,10182.7,79.6
2025-03-23,Admin Block,45,23.5,0.3,253.6,465.5,5965.5,45.1
2025-03-23,Student Hostel,1350,23.5,1.9,318.7,2141.0,45153.8,612.5
2025-03-23,Central Library,90,23.5,0.3,282.1,556.2,6888.3,63.0
2025-03-24,Engineering Block,1124,28.9,3.7,504.5,2022.8,26797.1,407.6
2025-03-24,Science Block,947,28.9,3.1,452.9,1716.9,23123.1,343.7
2025-03-24,Admin Block,264,28.9,2.9,251.0,1007.9,11093.5,138.7
2025-03-24,Student Hostel,1500,28.9,3.1,279.8,2299.8,48719.6,666.8
2025-03-24,Central Library,593,28.9,2.8,240.5,1291.0,12515.1,178.7
2025-03-25,Engineering Block,1143,28.3,3.3,482.7,2118.8,27100.6,407.7
2025-03-25,Science Block,949,28.3,2.8,443.7,1716.6,22940.3,342.0
2025-03-25,Admin Block,313,28.3,2.7,293.0,1091.0,11371.6,126.3
2025-03-25,Student Hostel,1500,28.3,2.8,284.3,2275.2,49387.5,695.3
2025-03-25,Central Library,525,28.3,3.5,293.0,1217.9,12605.8,167.4
2025-03-26,Engineering Block,1114,21.8,0.7,442.1,1807.9,25141.9,401.8
2025-03-26,Science Block,975,21.8,0.7,481.5,1570.6,22224.6,327.9
2025-03-26,Admin Block,258,21.8,0.9,284.6,917.6,10278.3,99.5
2025-03-26,Student Hostel,1500,21.8,1.4,262.3,2220.3,46167.6,665.7
2025-03-26,Central Library,568,21.8,1.6,292.2,1134.3,11755.7,167.1
2025-03-27,Engineering Block,1234,27.6,3.2,556.9,2129.3,26963.1,424.1
2025-03-27,Science Block,992,27.6,2.5,474.0,1700.4,23875.0,315.4
2025-03-27,Admin Block,314,27.6,2.6,306.2,1064.8,11209.9,172.7
2025-03-27,Student Hostel,1500,27.6,2.6,242.9,2234.2,47954.1,642.3
2025-03-27,Central Library,594,27.6,3.3,251.1,1290.4,13309.0,228.1
2025-03-28,Engineering Block,1137,23.9,1.4,471.9,1886.1,26345.2,442.8
2025-03-28,Science Block,845,23.9,1.4,471.1,1494.8,19774.2,308.5
2025-03-28,Admin Block,290,23.9,2.2,277.3,1055.3,9923.8,153.2
2025-03-28,Student Hostel,1500,23.9,2.2,266.6,2230.2,48008.8,686.9
2025-03-28,Central Library,623,23.9,2.1,283.6,1311.8,12455.2,212.9
2025-03-29,Engineering Block,180,25.2,0.5,479.9,914.8,12480.8,128.5
2025-03-29,Science Block,142,25.2,0.5,503.9,817.9,12077.6,94.9
2025-03-29,Admin Block,45,25.2,0.5,281.7,481.4,5443.5,20.5
2025-03-29,Student Hostel,1350,25.2,1.9,221.6,2064.6,45398.6,648.6
2025-03-29,Central Library,90,25.2,0.5,301.1,634.9,7538.1,72.6
2025-03-30,Engineering Block,180,28.1,0.6,469.0,945.5,13279.4,135.1
2025-03-30,Science Block,142,28.1,0.6,487.6,773.7,9958.9,91.3
2025-03-30,Admin Block,45,28.1,0.6,282.9,521.9,7033.0,28.8
2025-03-30,Student Hostel,1350,28.1,2.7,250.9,2210.0,45653.9,607.1
2025-03-30,Central Library,90,28.1,0.5,337.7,587.8,7644.8,20.8
2025-03-31,Engineering Block,1042,24.4,2.0,451.0,1807.9,25893.0,384.2
2025-03-31,Science Block,976,24.4,1.6,486.4,1663.6,23094.1,373.5
2025-03-31,Admin Block,298,24.4,1.7,270.1,1053.6,11724.8,146.7
2025-03-31,Student Hostel,1500,24.4,1.6,256.7,2232.4,47724.5,705.5
2025-03-31,Central Library,533,24.4,1.4,283.6,1143.9,12534.6,181.2
2025-04-01,Engineering Block,1178,23.7,1.3,487.5,1893.2,26457.6,400.7
2025-04-01,Science Block,857,23.7,1.7,489.9,1545.8,21406.3,313.9
2025-04-01,Admin Block,260,23.7,1.6,235.0,860.8,9939.3,92.6
2025-04-01,Student Hostel,1500,23.7,2.0,256.3,2192.2,48147.0,643.3
2025-04-01,Central Library,567,23.7,1.3,280.3,1193.7,11526.0,198.3
2025-04-02,Engineering Block,1182,23.4,1.7,499.5,1984.8,27236.2,461.1
2025-04-02,Science Block,961,23.4,1.2,402.8,1657.0,20889.2,367.6
2025-04-02,Admin Block,305,23.4,1.4,318.4,979.1,11556.8,149.2
2025-04-02,Student Hostel,1500,23.4,1.4,266.9,2229.2,48423.3,657.4
2025-04-02,Central Library,572,23.4,1.5,259.3,1177.6,11288.2,157.5
2025-04-03,Engineering Block,1044,28.9,3.1,475.2,1876.1,25185.4,361.0
2025-04-03,Science Block,923,28.9,2.8,509.1,1673.2,22858.1,330.6
2025-04-03,Admin Block,308,28.9,3.1,277.0,1141.4,12653.2,146.0
2025-04-03,Student Hostel,1500,28.9,3.6,280.5,2324.7,48851.3,677.3
2025-04-03,Central Library,614,28.9,2.9,272.9,1341.6,13038.9,181.1
2025-04-04,Engineering Block,1174,28.6,2.9,499.9,2078.6,27033.1,382.6
2025-04-04,Science Block,963,28.6,3.2,500.4,1766.4,22856.1,343.4
2025-04-04,Admin Block,307,28.6,2.7,299.6,1171.8,11977.3,131.2
2025-04-04,Student Hostel,1500,28.6,3.6,277.3,2307.1,48696.3,660.9
2025-04-04,Central Library,524,28.6,2.7,259.6,1226.6,12543.5,194.7
2025-04-05,Engineering Block,180,25.1,0.5,487.5,938.7,11968.0,126.3
2025-04-05,Science Block,142,25.1,0.4,485.1,838.2,10693.8,102.5
2025-04-05,Admin Block,45,25.1,0.4,257.4,537.3,6442.4,84.4
2025-04-05,Student Hostel,1350,25.1,2.3,278.3,2119.8,44823.3,630.8
2025-04-05,Central Library,90,25.1,0.5,255.1,548.6,6449.3,49.6
2025-04-06,Engineering Block,180,27.6,0.6,464.3,886.9,12846.5,139.4
2025-04-06,Science Block,142,27.6,0.6,498.3,755.6,10797.5,89.1
2025-04-06,Admin Block,45,27.6,0.5,349.4,524.1,6002.1,17.1
2025-04-06,Student Hostel,1350,27.6,3.1,297.1,2157.0,45662.8,650.4
2025-04-06,Central Library,90,27.6,0.6,291.7,533.2,6756.8,34.6
2025-04-07,Engineering Block,1082,21.2,0.9,388.9,1792.4,24982.3,376.5
2025-04-07,Science Block,945,21.2,0.7,453.5,1501.3,21790.7,328.6
2025-04-07,Admin Block,305,21.2,1.3,240.4,1030.8,10632.1,151.8
2025-04-07,Student Hostel,1500,21.2,1.3,280.6,2186.3,47227.1,676.0
2025-04-07,Central Library,552,21.2,1.2,275.9,1104.3,12343.8,167.6
2025-04-08,Engineering Block,1224,28.1,3.0,508.9,2033.0,27892.6,424.4
2025-04-08,Science Block,902,28.1,3.4,471.3,1715.4,23116.0,338.2
2025-04-08,Admin Block,267,28.1,2.9,232.5,1015.6,10520.2,131.8
2025-04-08,Student Hostel,1500,28.1,3.3,246.6,3825.4,48686.8,702.9
2025-04-08,Central Library,601,28.1,2.7,284.5,1236.6,12905.2,172.6
2025-04-09,Engineering Block,1251,24.3,1.8,453.4,2037.5,27717.8,450.3
2025-04-09,Science Block,965,24.3,1.6,474.3,1617.4,22014.4,338.8
2025-04-09,Admin Block,262,24.3,1.8,251.9,950.5,10243.2,121.6
2025-04-09,Student Hostel,1500,24.3,2.1,293.2,2210.4,47657.6,696.5
2025-04-09,Central Library,618,24.3,1.7,272.8,1262.6,13743.6,173.7
2025-04-10,Engineering Block,1194,27.0,2.3,479.3,1947.9,27396.1,433.5
2025-04-10,Science Block,814,27.0,3.1,481.5,1634.8,22337.8,318.7
2025-04-10,Admin Block,294,27.0,2.2,269.8,1018.6,10869.7,153.3
2025-04-10,Student Hostel,1500,27.0,2.4,267.5,2209.5,48007.6,705.1
2025-04-10,Central Library,542,27.0,2.8,310.1,1268.7,12731.1,183.7
2025-04-11,Engineering Block,1067,26.9,2.4,490.0,1880.1,25981.9,378.6
2025-04-11,Science Block,814,26.9,2.7,462.2,1587.3,21910.2,328.2
2025-04-11,Admin Block,309,26.9,3.0,279.8,1122.6,11359.9,114.7
2025-04-11,Student Hostel,1500,26.9,2.3,276.2,2248.6,48590.3,674.3
2025-04-11,Central Library,521,26.9,2.3,306.0,1191.8,11964.9,150.0
2025-04-12,Engineering Block,180,29.8,0.6,493.6,934.8,13737.1,113.1
2025-04-12,Science Block,142,29.8,0.7,461.0,808.9,11633.0,103.3
2025-04-12,Admin Block,45,29.8,0.6,233.6,542.1,6829.5,62.4
2025-04-12,Student Hostel,1350,29.8,3.8,259.1,2170.7,46011.1,643.7
2025-04-12,Central Library,90,29.8,0.8,299.5,621.6,6665.7,40.1
2025-04-13,Engineering Block,180,27.0,0.5,504.8,991.3,13096.8,143.8
2025-04-13,Science Block,142,27.0,0.6,480.4,811.1,11472.8,107.7
2025-04-13,Admin Block,45,27.0,0.6,301.1,463.6,5793.0,10.0
2025-04-13,Student Hostel,1350,27.0,2.9,252.0,2140.1,45607.2,647.5
2025-04-13,Central Library,90,27.0,0.5,300.1,541.7,7706.6,69.8
2025-04-14,Engineering Block,1257,23.3,1.1,459.5,1958.3,28163.6,407.4
2025-04-14,Science Block,821,23.3,1.6,472.3,1593.5,20790.2,307.2
2025-04-14,Admin Block,279,23.3,1.3,227.8,982.2,9664.5,143.6
2025-04-14,Student Hostel,1500,23.3,1.2,234.9,2178.8,48208.0,691.2
2025-04-14,Central Library,510,23.3,1.2,243.7,1049.4,11098.3,178.6
2025-04-15,Engineering Block,1107,23.1,1.1,413.8,1842.2,26015.3,379.1
2025-04-15,Science Block,932,23.1,1.7,448.4,1658.1,22572.7,316.6
2025-04-15,Admin Block,312,23.1,1.3,310.3,974.2,11111.0,149.9
2025-04-15,Student Hostel,1500,23.1,1.7,282.6,2207.5,47538.0,695.9
2025-04-15,Central Library,557,23.1,1.5,324.1,1161.3,11018.3,134.4
2025-04-16,Engineering Block,1220,28.9,3.4,493.6,2052.5,27081.6,388.1
2025-04-16,Science Block,902,28.9,3.3,545.6,1713.3,22586.4,308.8
2025-04-16,Admin Block,310,28.9,2.9,247.9,1100.5,12207.0,156.7
2025-04-16,Student Hostel,1500,28.9,3.7,259.0,2339.6,49571.4,674.9
2025-04-16,Central Library,542,28.9,3.7,310.6,1270.5,12679.5,180.1
2025-04-17,Engineering Block,1188,26.0,2.8,457.7,2001.8,25819.7,424.4
2025-04-17,Science Block,862,26.0,2.2,512.1,1532.9,20119.4,335.6
2025-04-17,Admin Block,296,26.0,2.2,269.5,1081.3,11565.1,114.6
2025-04-17,Student Hostel,1500,26.0,2.3,261.3,2248.6,47160.6,698.8
2025-04-17,Central Library,572,26.0,1.9,240.0,1225.4,12907.2,173.5
2025-04-18,Engineering Block,1088,24.5,1.7,493.5,1812.3,25148.8,417.8
2025-04-18,Science Block,962,24.5,1.6,500.8,1593.3,23158.8,321.2
2025-04-18,Admin Block,269,24.5,2.2,280.1,978.9,9967.1,93.2
2025-04-18,Student Hostel,1500,24.5,2.4,295.3,2251.4,47863.5,679.1
2025-04-18,Central Library,584,24.5,2.2,306.1,1177.9,12931.0,161.4
2025-04-19,Engineering Block,180,26.1,0.5,447.8,953.8,11578.6,146.4
2025-04-19,Science Block,142,26.1,0.4,513.2,790.2,11562.5,88.1
2025-04-19,Admin Block,45,26.1,0.4,291.3,453.6,6259.8,42.2
2025-04-19,Student Hostel,1350,26.1,2.1,263.4,2105.5,45127.0,605.8
2025-04-19,Central Library,90,26.1,0.5,253.0,541.9,6771.9,52.4
2025-04-20,Engineering Block,180,27.6,0.5,511.9,956.2,12496.0,145.7
2025-04-20,Science Block,142,27.6,0.5,490.0,807.9,10984.4,118.5
2025-04-20,Admin Block,45,27.6,0.6,327.3,488.4,6699.0,44.5
2025-04-20,Student Hostel,1350,27.6,2.8,309.2,2128.7,44247.3,594.2
2025-04-20,Central Library,90,27.6,0.5,332.7,529.0,6689.7,72.3
2025-04-21,Engineering Block,1109,29.9,3.9,469.1,2010.4,26378.1,402.4
2025-04-21,Science Block,987,29.9,3.2,521.7,2979.9,23460.6,335.9
2025-04-21,Admin Block,306,29.9,3.5,248.0,1194.7,12297.4,173.3
2025-04-21,Student Hostel,1500,29.9,3.7,279.4,2394.4,48281.7,664.4
2025-04-21,Central Library,520,29.9,3.1,291.5,1226.3,11592.4,162.9
2025-04-22,Engineering Block,1113,27.9,3.1,481.8,1973.8,25845.1,375.9
2025-04-22,Science Block,924,27.9,3.2,452.7,1676.1,23518.5,351.0
2025-04-22,Admin Block,302,27.9,2.8,317.8,1136.9,11126.9,147.7
2025-04-22,Student Hostel,1500,27.9,2.9,268.1,2284.5,47656.0,700.4
2025-04-22,Central Library,625,27.9,2.6,256.9,1227.1,13353.1,158.1
2025-04-23,Engineering Block,1153,29.0,2.9,480.3,2042.4,26846.3,421.4
2025-04-23,Science Block,949,29.0,3.7,483.2,1740.1,23404.1,329.3
2025-04-23,Admin Block,268,29.0,3.6,282.6,1103.2,11369.6,149.2
2025-04-23,Student Hostel,1500,29.0,3.7,244.7,2379.4,48460.1,678.3
2025-04-23,Central Library,521,29.0,3.5,292.8,1210.2,12149.1,156.6
2025-04-24,Engineering Block,1168,25.0,2.5,463.7,2018.4,26243.6,401.0
2025-04-24,Science Block,914,25.0,2.0,464.3,1650.2,22372.2,330.4
2025-04-24,Admin Block,299,25.0,2.0,282.2,1033.0,11078.8,103.1
2025-04-24,Student Hostel,1500,25.0,2.0,264.2,2271.7,48307.1,702.0
2025-04-24,Central Library,613,25.0,1.7,256.0,1218.3,12795.3,178.4
2025-04-25,Engineering Block,1027,29.0,3.4,493.7,1872.7,25439.7,350.3
2025-04-25,Science Block,997,29.0,3.3,480.2,1785.1,23187.8,357.6
2025-04-25,Admin Block,272,29.0,3.3,243.6,1048.7,11120.2,111.5
2025-04-25,Student Hostel,1500,29.0,3.6,242.4,2318.1,48282.2,669.3
2025-04-25,Central Library,623,29.0,3.5,289.0,1409.7,13080.0,177.7
2025-04-26,Engineering Block,180,27.4,0.6,506.3,958.4,13336.1,137.7
2025-04-26,Science Block,142,27.4,0.5,457.1,784.6,12530.1,123.3
2025-04-26,Admin Block,45,27.4,0.6,233.7,481.0,6807.7,32.7
2025-04-26,Student Hostel,1350,27.4,2.5,266.7,2109.1,44595.9,597.5
2025-04-26,Central Library,90,27.4,0.5,305.4,548.3,6529.7,86.5
2025-04-27,Engineering Block,180,22.6,0.3,469.7,939.5,12662.6,126.7
2025-04-27,Science Block,142,22.6,0.2,452.4,721.7,11214.8,112.8
2025-04-27,Admin Block,45,22.6,0.3,315.0,430.6,6099.1,62.8
2025-04-27,Student Hostel,1350,22.6,0.9,309.9,2076.5,44736.8,622.1
2025-04-27,Central Library,90,22.6,0.3,264.6,583.9,6692.5,81.1
2025-04-28,Engineering Block,1155,25.1,1.6,468.4,1862.0,26341.5,414.9
2025-04-28,Science Block,996,25.1,2.5,497.9,1784.7,22457.8,334.2
2025-04-28,Admin Block,265,25.1,2.3,271.6,1062.7,10257.6,143.8
2025-04-28,Student Hostel,1500,25.1,1.9,266.2,2234.6,48304.2,714.1
2025-04-28,Central Library,560,25.1,1.8,298.6,1196.0,11966.8,167.1
2025-04-29,Engineering Block,1135,24.8,1.7,474.0,1848.8,25508.9,406.1
2025-04-29,Science Block,906,24.8,1.9,438.5,1643.3,22019.3,337.9
2025-04-29,Admin Block,277,24.8,2.1,232.8,1012.6,9907.3,139.6
2025-04-29,Student Hostel,1500,24.8,2.0,282.3,2237.6,48959.8,693.2
2025-04-29,Central Library,532,24.8,2.2,256.6,1180.2,11093.2,190.1
2025-04-30,Engineering Block,1185,26.2,2.3,470.2,2001.1,26713.2,404.6
2025-04-30,Science Block,887,26.2,2.3,473.5,1662.2,21768.9,303.7
2025-04-30,Admin Block,283,26.2,2.3,259.6,1030.9,10876.8,149.5
2025-04-30,Student Hostel,1500,26.2,2.7,300.1,2234.9,48136.5,660.4
2025-04-30,Central Library,529,26.2,2.2,259.2,1184.0,11127.7,154.4
2025-05-01,Engineering Block,1021,42.4,11.4,501.6,2474.5,27488.4,381.7
2025-05-01,Science Block,822,42.4,11.3,453.8,2056.8,23717.8,275.4
2025-05-01,Admin Block,290,42.4,13.1,253.5,1776.0,12466.4,144.5
2025-05-01,Student Hostel,1500,42.4,12.8,293.6,2929.9,50215.4,667.0
2025-05-01,Central Library,530,42.4,11.3,256.9,1757.9,13827.9,194.6
2025-05-02,Engineering Block,1104,38.9,9.5,434.3,2357.6,27319.0,386.6
2025-05-02,Science Block,861,38.9,10.4,480.1,2094.6,23288.8,311.4
2025-05-02,Admin Block,266,38.9,10.6,249.1,1535.3,12032.3,132.3
2025-05-02,Student Hostel,1500,38.9,9.3,309.0,2683.9,50652.3,670.1
2025-05-02,Central Library,578,38.9,10.1,297.9,1723.9,14040.4,144.9
2025-05-03,Engineering Block,180,36.3,1.6,477.2,1027.6,14118.5,95.8
2025-05-03,Science Block,142,36.3,1.7,410.3,859.1,12685.6,106.3
2025-05-03,Admin Block,45,36.3,1.7,271.8,561.5,7897.9,47.9
2025-05-03,Student Hostel,1350,36.3,8.8,263.2,2513.7,46274.5,620.4
2025-05-03,Central Library,90,36.3,1.7,332.3,684.2,7888.3,54.3
2025-05-04,Engineering Block,180,33.9,1.1,484.7,1003.4,13574.0,127.3
2025-05-04,Science Block,142,33.9,1.4,462.6,789.7,11323.8,88.7
2025-05-04,Admin Block,45,33.9,1.1,242.8,527.7,5937.4,47.3
2025-05-04,Student Hostel,1350,33.9,7.0,205.4,2434.8,46268.3,618.2
2025-05-04,Central Library,90,33.9,1.3,319.7,644.4,7297.5,60.6
2025-05-05,Engineering Block,1061,36.0,8.7,494.8,2275.4,25861.3,393.7
2025-05-05,Science Block,917,36.0,7.4,472.5,1949.6,23106.3,332.4
2025-05-05,Admin Block,291,36.0,7.4,300.9,1361.8,12365.5,112.4
2025-05-05,Student Hostel,1500,36.0,7.3,308.1,2582.4,49559.8,681.1
2025-05-05,Central Library,542,36.0,7.2,284.2,1473.4,13383.8,176.1
2025-05-06,Engineering Block,1213,38.6,8.9,379.0,2441.1,29171.7,406.1
2025-05-06,Science Block,956,38.6,9.1,431.4,2100.7,23613.5,358.4
2025-05-06,Admin Block,303,38.6,9.5,248.4,1516.7,12665.3,156.1
2025-05-06,Student Hostel,1500,38.6,10.4,266.8,2783.0,50359.3,705.0
2025-05-06,Central Library,533,38.6,9.7,257.9,1640.3,13487.8,147.6
2025-05-07,Engineering Block,1233,34.9,6.7,478.6,2305.2,29345.4,445.6
2025-05-07,Science Block,871,34.9,7.2,514.8,1851.5,22138.7,324.4
2025-05-07,Admin Block,274,34.9,6.5,290.5,1289.2,12605.7,96.5
2025-05-07,Student Hostel,1500,34.9,6.7,292.1,2457.9,48514.0,681.6
2025-05-07,Central Library,597,34.9,7.3,280.2,1622.2,13374.5,183.5
2025-05-08,Engineering Block,1035,40.0,11.3,450.5,2429.7,25815.4,392.4
2025-05-08,Science Block,857,40.0,9.8,426.7,2007.9,22831.6,326.1
2025-05-08,Admin Block,292,40.0,9.8,267.2,1536.2,12345.4,106.7
2025-05-08,Student Hostel,1500,40.0,10.5,294.8,2775.7,49723.9,699.3
2025-05-08,Central Library,593,40.0,9.9,235.1,1708.1,13806.9,161.0
2025-05-09,Engineering Block,1103,37.6,8.9,448.6,2351.8,26650.1,392.0
2025-05-09,Science Block,807,37.6,9.5,486.3,2019.3,21589.9,339.8
2025-05-09,Admin Block,311,37.6,8.8,272.2,1550.8,12968.5,144.7
2025-05-09,Student Hostel,1500,37.6,8.6,272.3,2620.8,49849.6,695.3
2025-05-09,Central Library,556,37.6,8.6,304.2,1608.5,14054.8,173.2
2025-05-10,Engineering Block,180,33.5,1.3,472.5,964.7,13699.6,101.7
2025-05-10,Science Block,142,33.5,1.3,489.2,855.7,11465.2,89.9
2025-05-10,Admin Block,45,33.5,1.2,280.2,535.2,7929.9,51.6
2025-05-10,Student Hostel,1350,33.5,5.2,273.5,2367.1,45817.8,612.6
2025-05-10,Central Library,90,33.5,1.2,266.5,642.3,8405.8,10.0
2025-05-11,Engineering Block,180,39.6,2.2,435.9,1060.8,14421.2,152.7
2025-05-11,Science Block,142,39.6,1.9,469.7,903.4,11876.0,131.0
2025-05-11,Admin Block,45,39.6,1.9,294.5,579.3,7536.9,64.4
2025-05-11,Student Hostel,1350,39.6,10.8,270.7,2577.6,46414.2,619.1
2025-05-11,Central Library,90,39.6,2.0,245.2,661.9,8493.0,44.0
2025-05-12,Engineering Block,1173,38.7,9.0,498.9,2364.9,28318.6,421.1
2025-05-12,Science Block,869,38.7,8.9,458.9,2038.3,22998.7,314.5
2025-05-12,Admin Block,302,38.7,9.5,247.0,1522.0,13130.3,146.4
2025-05-12,Student Hostel,1500,38.7,9.8,344.1,2686.8,49520.0,675.5
2025-05-12,Central Library,594,38.7,10.2,279.7,1774.7,14954.9,175.0
2025-05-13,Engineering Block,1066,39.9,10.8,431.1,2416.5,27125.6,363.3
2025-05-13,Science Block,863,39.9,10.8,458.9,2147.3,23343.7,313.6
2025-05-13,Admin Block,304,39.9,11.3,244.3,1651.0,13017.9,137.8
2025-05-13,Student Hostel,1500,39.9,10.2,283.0,2812.9,49791.2,681.4
2025-05-13,Central Library,612,39.9,11.0,268.7,1833.0,15227.0,165.8
2025-05-14,Engineering Block,1145,38.4,9.4,429.4,2395.5,27533.7,427.9
2025-05-14,Science Block,906,38.4,8.5,468.8,2015.3,23724.1,319.0
2025-05-14,Admin Block,260,38.4,9.5,286.4,1421.7,11293.3,120.9
2025-05-14,Student Hostel,1500,38.4,9.1,260.0,2683.2,49917.8,674.8
2025-05-14,Central Library,616,38.4,8.5,270.3,1659.2,13191.5,168.9
2025-05-15,Engineering Block,1217,36.3,7.4,498.8,2360.3,28651.7,468.0
2025-05-15,Science Block,825,36.3,8.4,448.4,1924.7,22009.6,304.7
2025-05-15,Admin Block,265,36.3,8.4,307.2,1388.7,12020.3,114.7
2025-05-15,Student Hostel,1500,36.3,8.2,293.7,2648.7,49153.2,666.7
2025-05-15,Central Library,528,36.3,8.9,285.3,1569.8,13232.2,178.9
2025-05-16,Engineering Block,1109,38.9,10.3,423.7,2459.3,26897.1,380.0
2025-05-16,Science Block,952,38.9,10.6,458.5,2301.2,23735.0,346.7
2025-05-16,Admin Block,313,38.9,9.9,187.7,1577.0,13000.2,159.6
2025-05-16,Student Hostel,1500,38.9,10.4,312.4,2784.8,49519.4,666.6
2025-05-16,Central Library,576,38.9,10.6,270.3,1771.5,13742.2,182.2
2025-05-17,Engineering Block,180,37.4,1.9,456.9,1059.6,14483.8,131.6
2025-05-17,Science Block,142,37.4,1.9,426.0,898.8,13212.6,73.9
2025-05-17,Admin Block,45,37.4,1.8,244.6,550.1,8578.8,50.2
2025-05-17,Student Hostel,1350,37.4,9.2,273.7,2534.8,47090.6,650.1
2025-05-17,Central Library,90,37.4,1.6,232.5,615.7,16336.5,46.2
2025-05-18,Engineering Block,180,40.4,2.0,440.7,1031.6,14214.9,134.2
2025-05-18,Science Block,142,40.4,2.2,433.2,911.5,12255.5,96.8
2025-05-18,Admin Block,45,40.4,2.1,252.6,598.8,8734.3,56.4
2025-05-18,Student Hostel,1350,40.4,10.6,288.5,2684.1,46737.4,616.2
2025-05-18,Central Library,90,40.4,2.2,226.9,685.9,8925.3,81.1
2025-05-19,Engineering Block,1206,39.0,9.4,469.4,2480.4,28670.6,407.0
2025-05-19,Science Block,868,39.0,10.0,470.5,2121.2,23072.7,275.9
2025-05-19,Admin Block,281,39.0,9.1,215.5,1539.6,12783.5,111.8
2025-05-19,Student Hostel,1500,39.0,10.5,296.2,2791.4,49788.6,712.5
2025-05-19,Central Library,608,39.0,8.8,243.8,1675.4,14045.4,194.2
2025-05-20,Engineering Block,1149,39.2,9.3,439.9,2403.5,27187.3,408.9
2025-05-20,Science Block,940,39.2,9.0,427.0,2069.9,24358.3,340.2
2025-05-20,Admin Block,302,39.2,10.2,300.2,1604.0,13444.3,141.8
2025-05-20,Student Hostel,1500,39.2,10.6,239.0,2729.9,50701.9,684.3
2025-05-20,Central Library,537,39.2,9.7,277.1,1659.7,13112.6,198.2
2025-05-21,Engineering Block,1129,40.1,11.4,482.8,2552.3,27881.6,391.4
2025-05-21,Science Block,837,40.1,10.3,477.2,2052.0,23254.9,328.8
2025-05-21,Admin Block,303,40.1,10.8,259.8,1682.1,12357.0,163.9
2025-05-21,Student Hostel,1500,40.1,10.1,269.6,2799.7,50681.5,695.0
2025-05-21,Central Library,625,40.1,10.8,276.6,1812.1,14337.3,213.5
2025-05-22,Engineering Block,1238,44.4,13.2,422.9,2737.2,30266.9,447.9
2025-05-22,Science Block,971,44.4,13.2,430.8,2357.6,26224.6,390.7
2025-05-22,Admin Block,263,44.4,14.0,273.3,1748.0,11693.6,111.0
2025-05-22,Student Hostel,1500,44.4,13.2,283.6,2919.3,50427.7,643.1
2025-05-22,Central Library,559,44.4,13.5,302.8,1902.8,14742.8,164.4
2025-05-23,Engineering Block,1202,40.3,10.9,464.8,2556.5,29521.2,423.9
2025-05-23,Science Block,875,40.3,11.1,492.7,2129.3,23355.8,314.6
2025-05-23,Admin Block,306,40.3,10.7,239.8,1641.7,13402.4,142.6
2025-05-23,Student Hostel,1500,40.3,10.2,259.0,2713.7,50263.9,680.3
2025-05-23,Central Library,621,40.3,11.7,254.1,1911.1,14141.5,172.0
2025-05-24,Engineering Block,180,39.5,2.0,497.3,1051.3,14143.5,145.0
2025-05-24,Science Block,142,39.5,2.1,432.5,857.6,13262.3,86.5
2025-05-24,Admin Block,45,39.5,2.0,268.5,571.7,8665.5,44.2
2025-05-24,Student Hostel,1350,39.5,10.6,236.9,2648.0,46481.6,621.4
2025-05-24,Central Library,90,39.5,2.0,249.3,730.8,8079.0,62.1
2025-05-25,Engineering Block,180,41.8,2.2,459.3,1068.0,14255.5,158.1
2025-05-25,Science Block,142,41.8,2.5,477.5,901.0,12659.2,98.0
2025-05-25,Admin Block,45,41.8,2.4,264.8,601.3,8010.4,44.8
2025-05-25,Student Hostel,1350,41.8,12.6,298.4,2809.0,46103.7,640.4
2025-05-25,Central Library,90,41.8,2.3,278.0,654.4,8790.1,13.7
2025-05-26,Engineering Block,1110,38.6,9.3,467.6,2295.4,26711.7,384.5
2025-05-26,Science Block,972,38.6,8.9,455.2,2084.7,24143.9,375.1
2025-05-26,Admin Block,292,38.6,8.8,278.5,1495.7,12415.9,127.7
2025-05-26,Student Hostel,1500,38.6,10.2,264.5,2762.0,49904.9,671.1
2025-05-26,Central Library,567,38.6,9.3,296.8,1691.0,13788.1,194.8
2025-05-27,Engineering Block,1031,34.6,6.0,460.0,2078.9,25684.1,355.8
2025-05-27,Science Block,864,34.6,7.6,435.2,1966.3,22576.7,303.8
2025-05-27,Admin Block,296,34.6,6.9,245.6,1367.1,11980.9,102.0
2025-05-27,Student Hostel,1500,34.6,5.9,248.3,2473.3,49608.6,697.3
2025-05-27,Central Library,576,34.6,6.3,286.8,1518.9,13962.9,152.6
2025-05-28,Engineering Block,1186,38.5,9.7,493.0,2504.4,27420.7,377.9
2025-05-28,Science Block,938,38.5,10.3,482.2,2175.8,23614.4,326.7
2025-05-28,Admin Block,314,38.5,9.2,289.4,1577.8,12399.8,142.3
2025-05-28,Student Hostel,1500,38.5,8.8,237.0,2637.1,49647.9,679.9
2025-05-28,Central Library,585,38.5,8.7,293.2,1597.8,14471.3,176.3
2025-05-29,Engineering Block,1022,35.7,6.9,459.1,2122.3,26668.2,354.4
2025-05-29,Science Block,808,35.7,7.9,471.4,1867.3,22427.3,310.5
2025-05-29,Admin Block,274,35.7,7.2,276.3,1305.2,11018.6,118.0
2025-05-29,Student Hostel,1500,35.7,7.7,250.7,2634.3,48894.7,683.9
2025-05-29,Central Library,599,35.7,8.2,248.2,1614.9,14539.2,167.8
2025-05-30,Engineering Block,1184,38.6,10.1,479.1,2471.0,28813.6,412.9
2025-05-30,Science Block,994,38.6,9.8,479.2,2161.5,24252.8,368.2
2025-05-30,Admin Block,300,38.6,9.9,264.6,1571.8,12331.3,150.9
2025-05-30,Student Hostel,1500,38.6,9.4,283.7,2703.6,49553.2,688.3
2025-05-30,Central Library,603,38.6,10.3,261.8,1775.9,13583.7,183.1
2025-05-31,Engineering Block,180,42.6,2.5,427.4,1072.1,14557.5,153.0
2025-05-31,Science Block,142,42.6,2.5,393.1,945.1,13604.1,103.8
2025-05-31,Admin Block,45,42.6,2.3,228.7,648.9,8118.7,62.0
2025-05-31,Student Hostel,1350,42.6,11.4,272.9,2664.1,46867.4,611.8
2025-05-31,Central Library,90,42.6,2.6,248.2,698.1,9254.6,49.4
2025-06-01,Engineering Block,72,41.4,2.1,462.5,965.7,13871.1,106.6
2025-06-01,Science Block,57,41.4,2.2,437.8,830.5,12128.6,106.1
2025-06-01,Admin Block,18,41.4,2.2,292.0,565.0,7485.9,51.3
2025-06-01,Student Hostel,1350,41.4,11.4,255.6,2700.2,47315.4,631.9
2025-06-01,Central Library,36,41.4,2.3,221.2,592.5,8000.5,21.0
2025-06-02,Engineering Block,472,40.6,11.0,417.7,1949.9,18547.5,238.6
2025-06-02,Science Block,392,40.6,10.9,487.4,1642.6,16576.5,167.7
2025-06-02,Admin Block,107,40.6,11.6,266.6,1262.2,8645.8,59.8
2025-06-02,Student Hostel,1500,40.6,11.5,227.5,2875.9,49502.0,663.5
2025-06-02,Central Library,226,40.6,10.3,266.3,1363.6,9551.7,116.8
2025-06-03,Engineering Block,484,41.8,11.4,423.0,1879.1,18503.5,215.9
2025-06-03,Science Block,370,41.8,11.9,473.4,1731.3,15690.2,201.8
2025-06-03,Admin Block,120,41.8,11.6,267.3,1301.6,9851.8,99.5
2025-06-03,Student Hostel,1500,41.8,12.6,234.3,2900.8,49549.4,669.0
2025-06-03,Central Library,243,41.8,11.1,269.2,1425.7,11275.6,115.3
2025-06-04,Engineering Block,471,36.9,7.5,487.9,1693.4,17273.9,215.8
2025-06-04,Science Block,334,36.9,7.6,467.4,1388.7,14982.2,172.8
2025-06-04,Admin Block,109,36.9,8.5,306.5,1147.7,8763.9,21.9
2025-06-04,Student Hostel,1500,36.9,8.0,299.2,2623.8,49462.0,672.2
2025-06-04,Central Library,218,36.9,8.1,278.2,1195.4,9645.6,95.7
2025-06-05,Engineering Block,490,36.9,9.1,471.4,1839.6,18153.0,231.1
2025-06-05,Science Block,351,36.9,8.4,453.0,1458.0,15522.1,185.2
2025-06-05,Admin Block,122,36.9,7.6,308.0,1085.9,9353.6,78.8
2025-06-05,Student Hostel,1500,36.9,8.8,244.1,2675.1,49637.9,679.5
2025-06-05,Central Library,223,36.9,8.2,279.1,1173.1,9479.1,94.9
2025-06-06,Engineering Block,442,36.4,7.4,460.9,1593.6,17356.4,209.6
2025-06-06,Science Block,354,36.4,8.1,499.1,1409.6,16333.9,167.0
2025-06-06,Admin Block,113,36.4,8.4,260.2,1158.5,9632.0,101.5
2025-06-06,Student Hostel,1500,36.4,7.9,267.5,2678.3,49863.8,650.8
2025-06-06,Central Library,250,36.4,7.1,279.0,1134.8,9323.9,111.6
2025-06-07,Engineering Block,72,39.7,2.2,427.7,957.8,12173.7,109.8
2025-06-07,Science Block,57,39.7,2.2,463.3,778.1,12537.1,93.3
2025-06-07,Admin Block,18,39.7,2.1,256.5,532.8,7268.4,36.6
2025-06-07,Student Hostel,1350,39.7,11.3,277.3,2662.8,46566.4,632.9
2025-06-07,Central Library,36,39.7,2.2,262.3,1057.6,7822.0,79.5
2025-06-08,Engineering Block,72,40.5,2.0,483.9,876.6,13366.7,97.8
2025-06-08,Science Block,57,40.5,2.3,426.7,833.0,11179.7,110.0
2025-06-08,Admin Block,18,40.5,2.0,,419.9,7704.8,36.2
2025-06-08,Student Hostel,1350,40.5,11.1,289.8,2709.4,47499.6,606.7
2025-06-08,Central Library,36,40.5,2.0,230.2,627.1,8547.3,43.9
2025-06-09,Engineering Block,459,34.8,6.6,468.0,1555.5,38686.9,241.3
2025-06-09,Science Block,357,34.8,7.2,512.6,1406.2,16237.7,180.5
2025-06-09,Admin Block,124,34.8,6.7,318.5,999.3,8826.1,86.9
2025-06-09,Student Hostel,1500,34.8,7.2,242.1,2606.1,49171.4,650.7
2025-06-09,Central Library,213,34.8,6.5,269.7,1076.7,8676.5,79.3
2025-06-10,Engineering Block,417,40.1,10.5,456.5,1814.6,18264.2,208.9
2025-06-10,Science Block,394,40.1,10.9,457.2,1738.9,15274.5,178.5
2025-06-10,Admin Block,122,40.1,9.8,251.6,1188.8,8724.4,111.2
2025-06-10,Student Hostel,1500,40.1,11.0,252.9,2814.2,50372.7,653.8
2025-06-10,Central Library,217,40.1,10.4,220.5,1404.3,9581.1,91.9
2025-06-11,Engineering Block,482,39.8,10.1,452.4,1853.6,19109.3,215.2
2025-06-11,Science Block,360,39.8,11.2,444.7,1667.9,15525.6,171.7
2025-06-11,Admin Block,107,39.8,10.6,298.2,1225.4,9442.9,72.3
2025-06-11,Student Hostel,1500,39.8,9.9,214.2,2768.4,50200.4,700.7
2025-06-11,Central Library,235,39.8,9.9,247.7,1270.8,9703.7,82.8
2025-06-12,Engineering Block,489,36.3,8.5,471.6,1754.5,37368.5,229.5
2025-06-12,Science Block,366,36.3,8.8,444.0,1498.0,16052.7,142.2
2025-06-12,Admin Block,104,36.3,8.0,225.5,1093.6,8759.5,69.6
2025-06-12,Student Hostel,1500,36.3,7.3,236.2,2607.9,49476.4,667.2
2025-06-12,Central Library,234,36.3,7.6,221.9,1234.4,10162.2,99.7
2025-06-13,Engineering Block,477,40.3,10.9,445.9,1890.7,18300.3,213.7
2025-06-13,Science Block,386,40.3,10.6,461.7,1667.7,17064.3,189.6
2025-06-13,Admin Block,104,40.3,11.3,249.6,1261.8,8857.2,34.2
2025-06-13,Student Hostel,1500,40.3,10.9,269.4,2804.1,50294.6,700.4
2025-06-13,Central Library,248,40.3,9.8,259.4,1332.2,10510.5,100.6
2025-06-14,Engineering Block,72,39.7,1.9,430.6,875.8,12472.5,71.9
2025-06-14,Science Block,57,39.7,1.9,457.9,798.6,10936.5,111.3
2025-06-14,Admin Block,18,39.7,2.0,260.5,576.4,7469.4,51.2
2025-06-14,Student Hostel,1350,39.7,10.8,226.7,2649.6,46364.4,637.4
2025-06-14,Central Library,36,39.7,2.1,284.7,580.6,7836.1,52.6
2025-06-15,Engineering Block,72,39.3,2.1,425.7,1491.1,13498.9,106.2
2025-06-15,Science Block,57,39.3,1.8,428.4,720.1,10600.3,100.7
2025-06-15,Admin Block,18,39.3,2.1,275.3,585.8,7010.5,32.0
2025-06-15,Student Hostel,1350,39.3,10.2,280.9,2642.2,45340.9,625.6
2025-06-15,Central Library,36,39.3,2.1,264.2,618.8,7987.5,53.6
2025-06-16,Engineering Block,481,41.0,11.3,465.6,1931.0,19696.7,216.7
2025-06-16,Science Block,383,41.0,11.6,468.4,1769.1,16169.6,175.2
2025-06-16,Admin Block,117,41.0,10.8,255.3,1257.2,9807.7,72.1
2025-06-16,Student Hostel,1500,41.0,11.7,254.4,2879.9,49778.6,671.1
2025-06-16,Central Library,246,41.0,11.6,263.0,1439.7,10262.9,88.2
2025-06-17,Engineering Block,482,37.0,8.1,500.8,1746.2,18730.8,206.4
2025-06-17,Science Block,358,37.0,8.4,478.2,1486.0,15940.6,162.0
2025-06-17,Admin Block,105,37.0,8.8,224.6,1063.4,8991.4,76.3
2025-06-17,Student Hostel,1500,37.0,7.5,302.6,2639.2,49143.9,682.8
2025-06-17,Central Library,246,37.0,8.6,279.4,1221.8,9789.3,88.1
2025-06-18,Engineering Block,490,39.7,10.3,448.7,1909.8,18809.5,216.0
2025-06-18,Science Block,378,39.7,9.8,496.9,1587.3,16640.9,167.9
2025-06-18,Admin Block,115,39.7,9.3,256.9,1195.4,9421.3,71.8
2025-06-18,Student Hostel,1500,39.7,10.4,258.2,2713.9,49880.2,667.2
2025-06-18,Central Library,230,39.7,9.3,270.1,1288.6,8956.5,84.0
2025-06-19,Engineering Block,416,42.5,12.2,433.3,1969.8,18654.2,177.4
2025-06-19,Science Block,357,42.5,12.8,464.4,1757.9,16206.9,153.6
2025-06-19,Admin Block,117,42.5,13.0,306.3,1460.5,9738.3,75.8
2025-06-19,Student Hostel,1500,42.5,11.8,288.0,2852.5,50342.8,649.5
2025-06-19,Central Library,246,42.5,12.7,315.2,1564.9,10202.6,61.6
2025-06-20,Engineering Block,443,36.7,7.5,494.5,1625.2,17740.1,222.3
2025-06-20,Science Block,341,36.7,7.4,536.2,1334.4,15315.0,177.6
2025-06-20,Admin Block,119,36.7,7.6,266.9,1066.0,9472.8,71.6
2025-06-20,Student Hostel,1500,36.7,7.9,280.2,2570.9,49456.9,673.2
2025-06-20,Central Library,229,36.7,7.8,234.8,1154.0,9180.6,106.6
2025-06-21,Engineering Block,72,33.5,1.0,502.2,847.3,13163.5,122.7
2025-06-21,Science Block,57,33.5,1.4,496.2,771.6,10497.9,64.4
2025-06-21,Admin Block,18,33.5,1.2,263.8,458.2,7437.4,30.4
2025-06-21,Student Hostel,1350,33.5,5.6,244.5,2355.4,45823.5,631.9
2025-06-21,Central Library,36,33.5,1.1,312.3,534.8,6879.6,53.3
2025-06-22,Engineering Block,72,37.5,1.8,495.3,944.3,12253.2,125.6
2025-06-22,Science Block,57,37.5,1.6,498.0,764.2,11743.2,85.0
2025-06-22,Admin Block,18,37.5,1.7,261.8,491.3,7386.9,31.2
2025-06-22,Student Hostel,1350,37.5,9.7,249.6,2633.1,45699.6,633.2
2025-06-22,Central Library,36,37.5,1.6,284.6,576.2,7986.6,53.9
2025-06-23,Engineering Block,411,41.9,11.5,435.3,1896.1,17698.1,196.5
2025-06-23,Science Block,392,41.9,11.6,434.8,1739.3,33810.0,184.6
2025-06-23,Admin Block,125,41.9,11.5,252.0,1308.1,9590.3,116.7
2025-06-23,Student Hostel,1500,41.9,12.0,279.3,2916.1,50478.3,669.3
2025-06-23,Central Library,239,41.9,12.6,280.1,1556.1,10347.4,110.4
2025-06-24,Engineering Block,413,38.0,9.4,467.3,1711.8,17368.6,199.0
2025-06-24,Science Block,363,38.0,9.0,468.9,1535.3,15450.6,177.6
2025-06-24,Admin Block,116,38.0,10.0,288.9,1260.2,8992.0,82.0
2025-06-24,Student Hostel,1500,38.0,8.8,249.3,2665.0,50014.2,685.4
2025-06-24,Central Library,238,38.0,9.0,260.8,1350.9,10016.3,109.7
2025-06-25,Engineering Block,448,32.8,6.3,504.6,1600.3,17710.2,216.0
2025-06-25,Science Block,388,32.8,6.4,541.4,1433.2,15382.6,171.6
2025-06-25,Admin Block,123,32.8,5.3,242.9,921.6,8776.4,64.5
2025-06-25,Student Hostel,1500,32.8,5.2,272.9,2434.6,49373.2,649.7
2025-06-25,Central Library,230,32.8,5.4,281.6,1045.3,9245.1,136.3
2025-06-26,Engineering Block,493,35.4,7.1,479.7,1604.8,18398.6,232.8
2025-06-26,Science Block,398,35.4,6.4,487.2,1405.3,15165.5,199.3
2025-06-26,Admin Block,113,35.4,7.7,248.2,1107.9,9287.4,76.4
2025-06-26,Student Hostel,1500,35.4,6.4,261.8,2485.5,50177.4,687.4
2025-06-26,Central Library,224,35.4,8.1,291.2,1195.2,9907.5,109.7
2025-06-27,Engineering Block,481,37.8,8.3,499.0,1757.7,17501.4,208.9
2025-06-27,Science Block,375,37.8,8.6,449.3,1477.9,16317.8,188.8
2025-06-27,Admin Block,102,37.8,9.0,248.7,1170.1,8362.7,99.6
2025-06-27,Student Hostel,1500,37.8,8.3,271.8,2661.7,50086.1,665.0
2025-06-27,Central Library,229,37.8,9.0,229.0,1258.6,10345.7,104.1
2025-06-28,Engineering Block,72,41.4,2.3,399.2,943.6,13615.4,122.8
2025-06-28,Science Block,57,41.4,2.4,429.1,788.6,12295.7,89.4
2025-06-28,Admin Block,18,41.4,2.4,244.6,572.8,8051.9,39.7
2025-06-28,Student Hostel,1350,41.4,11.9,268.3,2750.5,46621.4,625.8
2025-06-28,Central Library,36,41.4,2.1,253.6,627.3,7638.6,54.7
2025-06-29,Engineering Block,72,40.3,2.0,434.1,885.6,13271.0,64.5
2025-06-29,Science Block,57,40.3,2.3,464.1,842.1,12318.9,103.1
2025-06-29,Admin Block,18,40.3,2.3,254.8,567.5,6832.9,34.6
2025-06-29,Student Hostel,1350,40.3,10.9,290.0,2709.3,47034.4,626.7
2025-06-29,Central Library,36,40.3,2.1,288.6,590.9,8309.8,43.3
2025-06-30,Engineering Block,443,35.1,7.2,473.6,1536.1,18082.0,197.3
2025-06-30,Science Block,339,35.1,6.5,493.9,1433.0,15877.6,172.6
2025-06-30,Admin Block,120,35.1,7.5,283.4,1067.4,8923.1,83.9
2025-06-30,Student Hostel,1500,35.1,7.3,288.4,2538.2,50476.5,665.9
2025-06-30,Central Library,245,35.1,6.4,267.9,1186.4,10184.2,89.9
2025-07-01,Engineering Block,1259,31.0,4.2,511.4,2201.3,28441.2,430.3
2025-07-01,Science Block,883,31.0,4.4,535.9,1789.8,22447.3,320.1
2025-07-01,Admin Block,275,31.0,4.4,296.6,1159.5,11870.3,106.2
2025-07-01,Student Hostel,1500,31.0,4.6,266.4,2385.2,48896.5,654.9
2025-07-01,Central Library,567,31.0,4.4,260.1,1372.6,12701.1,202.4
2025-07-02,Engineering Block,1170,32.0,4.2,515.7,2105.3,27527.8,390.8
2025-07-02,Science Block,880,32.0,5.3,426.2,1825.5,22908.3,346.7
2025-07-02,Admin Block,301,32.0,5.5,300.9,1294.8,12763.4,139.2
2025-07-02,Student Hostel,1500,32.0,5.6,304.5,2381.3,48483.5,643.8
2025-07-02,Central Library,556,32.0,4.5,305.1,1316.4,13241.7,136.0
2025-07-03,Engineering Block,1092,30.8,4.5,477.5,2044.3,26070.7,369.6
2025-07-03,Science Block,935,30.8,4.4,478.1,1750.4,22021.1,341.2
2025-07-03,Admin Block,278,30.8,4.0,318.3,1131.6,10654.1,171.6
2025-07-03,Student Hostel,1500,30.8,3.1,330.0,2320.1,48216.9,704.1
2025-07-03,Central Library,616,30.8,3.7,303.1,1377.7,13093.5,197.1
2025-07-04,Engineering Block,1162,32.0,5.7,522.5,2212.9,27481.5,425.3
2025-07-04,Science Block,895,32.0,5.6,489.1,1762.7,22104.5,316.3
2025-07-04,Admin Block,314,32.0,4.7,250.2,1216.3,12725.2,167.1
2025-07-04,Student Hostel,1500,32.0,4.6,303.6,2339.5,48825.2,667.2
2025-07-04,Central Library,562,32.0,4.9,265.9,1412.4,12202.2,156.5
2025-07-05,Engineering Block,180,31.7,0.8,512.9,957.7,13648.4,163.7
2025-07-05,Science Block,142,31.7,1.1,506.3,834.1,12521.1,122.1
2025-07-05,Admin Block,45,31.7,0.8,292.5,454.1,6836.1,75.6
2025-07-05,Student Hostel,1350,31.7,4.8,290.1,2319.8,45265.4,611.6
2025-07-05,Central Library,90,31.7,0.8,321.0,597.4,8078.0,39.7
2025-07-06,Engineering Block,180,34.9,1.4,465.7,1037.4,13670.8,136.7
2025-07-06,Science Block,142,34.9,1.4,448.9,806.1,11651.0,115.0
2025-07-06,Admin Block,45,34.9,1.5,286.7,536.7,8017.2,48.0
2025-07-06,Student Hostel,1350,34.9,6.3,267.2,2327.9,46525.0,624.6
2025-07-06,Central Library,90,34.9,1.3,309.1,640.8,8249.1,67.0
2025-07-07,Engineering Block,1154,30.2,3.5,489.1,2027.6,27131.0,415.4
2025-07-07,Science Block,960,30.2,4.0,515.2,1851.0,23832.0,338.2
2025-07-07,Admin Block,306,30.2,2.8,245.2,1072.2,12364.4,131.7
2025-07-07,Student Hostel,1500,30.2,4.0,336.0,2405.0,48579.6,670.2
2025-07-07,Central Library,598,30.2,4.5,239.0,1381.4,14203.9,166.6
2025-07-08,Engineering Block,1049,33.0,6.2,470.4,2091.5,26432.8,377.7
2025-07-08,Science Block,887,33.0,4.9,464.3,1820.8,23746.9,321.6
2025-07-08,Admin Block,284,33.0,5.3,312.7,1264.8,11723.8,115.2
2025-07-08,Student Hostel,1500,33.0,6.4,220.8,2546.7,48776.8,681.6
2025-07-08,Central Library,626,33.0,5.8,274.8,1533.7,13130.0,174.7
2025-07-09,Engineering Block,1077,29.0,3.4,467.3,2039.9,25169.8,410.7
2025-07-09,Science Block,972,29.0,3.7,448.3,1831.3,22218.6,377.3
2025-07-09,Admin Block,260,29.0,3.6,285.4,1105.1,11781.0,99.7
2025-07-09,Student Hostel,1500,29.0,3.7,286.5,2305.0,49460.7,687.6
2025-07-09,Central Library,622,29.0,3.3,242.8,1374.6,13025.2,149.4
2025-07-10,Engineering Block,1141,33.3,5.5,446.9,2102.0,26628.9,399.6
2025-07-10,Science Block,817,33.3,6.1,483.2,1746.9,20945.2,281.5
2025-07-10,Admin Block,273,33.3,5.0,299.3,1219.9,12199.5,145.0
2025-07-10,Student Hostel,1500,33.3,6.5,241.6,2498.1,48180.4,650.9
2025-07-10,Central Library,541,33.3,6.2,284.3,1467.5,12051.1,156.1
2025-07-11,Engineering Block,1230,32.6,6.2,497.4,2264.5,29409.6,415.4
2025-07-11,Science Block,926,32.6,6.1,500.5,1890.2,22983.5,322.9
2025-07-11,Admin Block,280,32.6,4.8,300.6,1214.3,11979.6,129.9
2025-07-11,Student Hostel,1500,32.6,5.2,304.4,2419.5,48796.0,672.0
2025-07-11,Central Library,532,32.6,6.0,284.4,1387.9,12404.0,164.2
2025-07-12,Engineering Block,180,27.2,0.5,435.3,922.9,12517.0,143.5
2025-07-12,Science Block,142,27.2,0.5,499.8,720.9,10426.6,100.8
2025-07-12,Admin Block,45,27.2,0.5,254.5,504.0,6913.1,33.8
2025-07-12,Student Hostel,1350,27.2,3.0,243.4,2166.7,44730.7,640.7
2025-07-12,Central Library,90,27.2,0.5,288.0,670.8,6189.0,81.4
2025-07-13,Engineering Block,180,31.5,1.0,506.6,979.1,13190.0,124.0
2025-07-13,Science Block,142,31.5,0.9,519.7,794.4,11337.8,102.0
2025-07-13,Admin Block,45,31.5,1.1,292.3,509.4,6848.6,65.0
2025-07-13,Student Hostel,1350,31.5,3.8,295.3,2226.0,46286.8,600.9
2025-07-13,Central Library,90,31.5,1.1,272.2,680.6,6985.2,37.7
2025-07-14,Engineering Block,1095,30.5,4.8,540.8,2067.3,25914.9,373.1
2025-07-14,Science Block,817,30.5,3.1,454.7,1595.6,21391.8,296.8
2025-07-14,Admin Block,314,30.5,4.7,259.1,1284.4,12260.5,124.6
2025-07-14,Student Hostel,1500,30.5,4.5,287.6,2404.6,48469.3,687.7
2025-07-14,Central Library,530,30.5,3.9,273.3,1266.2,13428.0,121.7
2025-07-15,Engineering Block,1146,29.6,3.6,483.8,2041.3,26885.4,378.1
2025-07-15,Science Block,812,29.6,3.7,481.9,1596.7,20039.2,276.8
2025-07-15,Admin Block,264,29.6,3.1,302.9,1010.8,9873.0,139.4
2025-07-15,Student Hostel,1500,29.6,3.0,321.0,2285.3,48974.3,675.2
2025-07-15,Central Library,598,29.6,3.9,269.5,1341.3,13716.1,187.3
2025-07-16,Engineering Block,1248,32.6,5.1,487.4,2208.7,28776.2,438.7
2025-07-16,Science Block,969,32.6,4.6,476.0,1842.9,23288.9,340.4
2025-07-16,Admin Block,284,32.6,5.2,269.8,1239.8,11410.4,152.3
2025-07-16,Student Hostel,1500,32.6,6.0,307.5,2449.5,48865.9,657.1
2025-07-16,Central Library,560,32.6,5.8,285.0,1451.9,12337.4,166.0
2025-07-17,Engineering Block,1102,32.2,5.0,491.8,2137.0,26820.7,410.0
2025-07-17,Science Block,907,32.2,4.6,435.3,1807.2,22468.1,329.2
2025-07-17,Admin Block,309,32.2,5.7,260.5,1303.1,12430.2,145.5
2025-07-17,Student Hostel,1500,32.2,4.3,271.2,2386.6,48519.6,660.2
2025-07-17,Central Library,540,32.2,4.2,268.9,1307.3,12539.6,156.1
2025-07-18,Engineering Block,1230,31.4,4.1,495.2,2111.7,27906.9,418.5
2025-07-18,Science Block,991,31.4,5.2,474.9,1906.1,24155.0,322.8
2025-07-18,Admin Block,261,31.4,4.5,252.1,1158.9,11238.2,98.2
2025-07-18,Student Hostel,1500,31.4,5.2,288.4,2484.4,48623.3,644.3
2025-07-18,Central Library,553,31.4,4.8,237.2,1347.8,12283.9,170.9
2025-07-19,Engineering Block,180,32.2,0.9,551.7,974.3,13800.7,124.8
2025-07-19,Science Block,142,32.2,1.1,453.4,835.6,11842.5,97.5
2025-07-19,Admin Block,45,32.2,1.0,276.0,517.0,7329.7,53.7
2025-07-19,Student Hostel,1350,32.2,6.0,232.4,2376.4,45425.7,619.4
2025-07-19,Central Library,90,32.2,1.1,284.1,611.9,7172.1,36.8
2025-07-20,Engineering Block,180,33.7,1.3,446.7,963.7,13625.3,110.4
2025-07-20,Science Block,142,33.7,1.3,482.9,801.4,11111.4,103.9
2025-07-20,Admin Block,45,33.7,1.2,248.0,523.7,7530.8,27.1
2025-07-20,Student Hostel,1350,33.7,6.1,291.9,2400.5,45721.4,640.3
2025-07-20,Central Library,90,33.7,1.1,280.5,596.4,8193.5,71.4
2025-07-21,Engineering Block,1164,31.1,5.0,482.5,2126.7,27022.8,437.4
2025-07-21,Science Block,965,31.1,4.6,485.5,1772.0,23755.5,311.5
2025-07-21,Admin Block,271,31.1,4.8,277.0,1164.4,11608.2,152.9
2025-07-21,Student Hostel,1500,31.1,4.1,304.8,2365.3,48771.1,685.4
2025-07-21,Central Library,615,31.1,4.0,309.1,1432.4,13506.6,180.9
2025-07-22,Engineering Block,1048,29.7,3.2,507.5,1916.7,25905.0,413.0
2025-07-22,Science Block,858,29.7,3.2,507.7,1624.5,21187.0,302.6
2025-07-22,Admin Block,281,29.7,3.5,230.3,1122.3,11202.2,108.9
2025-07-22,Student Hostel,1500,29.7,4.0,257.4,2364.6,48433.0,655.1
2025-07-22,Central Library,619,29.7,3.2,248.5,1319.4,13799.0,183.7
2025-07-23,Engineering Block,1175,31.2,4.0,520.9,2138.9,26917.3,420.1
2025-07-23,Science Block,854,31.2,5.0,473.3,1787.8,22281.3,321.4
2025-07-23,Admin Block,276,31.2,4.7,307.6,1230.2,11179.8,137.4
2025-07-23,Student Hostel,1500,31.2,4.2,260.0,2393.9,49277.7,654.4
2025-07-23,Central Library,513,31.2,3.6,328.6,1242.9,12483.5,156.6
2025-07-24,Engineering Block,1034,33.1,6.2,480.5,2073.3,25053.4,397.5
2025-07-24,Science Block,943,33.1,6.0,494.8,1874.2,23320.1,328.4
2025-07-24,Admin Block,273,33.1,6.2,250.4,1277.5,11626.4,90.1
2025-07-24,Student Hostel,1500,33.1,6.1,269.4,2474.1,49084.4,686.2
2025-07-24,Central Library,593,33.1,6.4,243.9,1516.1,12903.0,176.9
2025-07-25,Engineering Block,1100,32.5,5.7,483.7,2110.1,26912.0,391.3
2025-07-25,Science Block,912,32.5,5.3,485.2,1807.7,23737.6,334.8
2025-07-25,Admin Block,269,32.5,5.8,269.7,1138.9,11651.2,132.7
2025-07-25,Student Hostel,1500,32.5,5.5,275.7,2466.2,48749.6,672.4
2025-07-25,Central Library,598,32.5,5.2,325.5,1429.5,14026.7,178.0
2025-07-26,Engineering Block,180,30.5,0.8,469.9,941.6,13710.5,128.5
2025-07-26,Science Block,142,30.5,0.9,455.7,777.1,11511.0,79.7
2025-07-26,Admin Block,45,30.5,0.7,261.9,541.4,7436.4,50.4
2025-07-26,Student Hostel,1350,30.5,4.6,289.3,2235.4,45590.8,601.9
2025-07-26,Central Library,90,30.5,0.8,279.4,569.4,7747.7,40.4
2025-07-27,Engineering Block,180,32.9,1.3,415.8,997.2,13792.9,125.4
2025-07-27,Science Block,142,32.9,1.2,509.8,862.5,12009.2,102.0
2025-07-27,Admin Block,45,32.9,1.1,278.3,438.3,6429.8,77.2
2025-07-27,Student Hostel,1350,32.9,5.3,303.2,2349.9,46077.3,628.2
2025-07-27,Central Library,90,32.9,1.3,270.1,661.6,7866.4,48.0
2025-07-28,Engineering Block,1233,35.6,6.9,488.7,2346.4,28213.8,408.2
2025-07-28,Science Block,886,35.6,7.6,513.9,1884.5,22433.4,293.5
2025-07-28,Admin Block,291,35.6,7.9,279.9,1378.7,12289.7,102.5
2025-07-28,Student Hostel,1500,35.6,7.1,289.5,2577.4,48568.9,681.9
2025-07-28,Central Library,574,,8.3,298.6,1655.9,12974.1,192.8
2025-07-29,Engineering Block,1157,29.9,3.9,485.1,2020.7,27446.0,424.2
2025-07-29,Science Block,925,29.9,3.6,524.3,1744.9,22940.8,351.9
2025-07-29,Admin Block,262,29.9,4.0,287.9,1116.7,11150.9,112.7
2025-07-29,Student Hostel,1500,29.9,4.0,243.2,2381.8,48191.1,668.6
2025-07-29,Central Library,613,29.9,3.1,261.9,1330.3,13514.7,171.1
2025-07-30,Engineering Block,1060,32.6,4.6,491.7,2019.3,26173.6,371.7
2025-07-30,Science Block,924,32.6,5.0,492.5,1832.3,23071.5,324.7
2025-07-30,Admin Block,274,32.6,5.1,303.6,1212.8,11399.0,130.8
2025-07-30,Student Hostel,1500,32.6,5.3,247.1,2445.0,48419.0,698.7
2025-07-30,Central Library,558,32.6,5.3,290.7,1377.9,13156.2,164.6
2025-07-31,Engineering Block,1182,36.6,7.6,427.6,2306.7,27968.4,432.3
2025-07-31,Science Block,928,36.6,7.5,492.6,1979.9,24449.3,330.9
2025-07-31,Admin Block,280,36.6,8.9,270.4,1463.0,11300.3,140.1
2025-07-31,Student Hostel,1500,36.6,9.1,329.7,2691.8,48721.3,682.7
2025-07-31,Central Library,555,36.6,7.8,249.1,1523.9,13247.9,169.0
2025-08-01,Engineering Block,1114,30.6,3.2,483.6,2007.8,26970.6,373.7
2025-08-01,Science Block,989,30.6,3.6,506.0,1778.6,23321.3,351.6
2025-08-01,Admin Block,269,30.6,4.9,257.2,1161.7,11758.8,156.2
2025-08-01,Student Hostel,1500,30.6,4.2,288.5,2412.8,48679.3,671.3
2025-08-01,Central Library,617,30.6,4.3,261.9,1402.1,12745.6,179.9
2025-08-02,Engineering Block,180,31.4,0.7,507.1,906.6,13269.0,119.6
2025-08-02,Science Block,142,31.4,1.0,478.9,1364.2,11752.5,81.2
2025-08-02,Admin Block,45,31.4,1.1,266.3,530.8,7492.1,46.6
2025-08-02,Student Hostel,1350,31.4,4.2,312.0,2272.8,45357.2,652.6
2025-08-02,Central Library,90,31.4,0.9,269.7,619.0,8262.1,41.7
2025-08-03,Engineering Block,180,33.1,1.1,526.0,1009.1,13218.8,109.4
2025-08-03,Science Block,142,33.1,1.2,470.5,804.2,11281.6,113.4
2025-08-03,Admin Block,45,33.1,1.0,285.8,493.0,7140.1,47.2
2025-08-03,Student Hostel,1350,33.1,6.0,263.2,2417.7,45783.2,625.2
2025-08-03,Central Library,90,33.1,1.1,311.2,656.8,7547.3,97.9
2025-08-04,Engineering Block,1123,33.4,6.9,475.4,2280.3,26478.2,402.2
2025-08-04,Science Block,975,33.4,5.3,476.5,1924.9,23825.0,347.9
2025-08-04,Admin Block,259,33.4,6.0,318.9,1245.3,11961.0,122.4
2025-08-04,Student Hostel,1500,33.4,5.4,289.6,2476.9,48849.5,674.2
2025-08-04,Central Library,606,33.4,6.1,262.7,1481.7,13584.6,190.3
2025-08-05,Engineering Block,1100,31.7,5.3,494.6,2158.8,26104.6,394.2
2025-08-05,Science Block,917,31.7,3.9,452.6,1750.8,22885.4,334.5
2025-08-05,Admin Block,262,31.7,5.5,274.8,1181.1,11440.6,150.9
2025-08-05,Student Hostel,1500,31.7,4.8,297.4,2402.4,49274.7,680.2
2025-08-05,Central Library,581,31.7,5.0,264.0,1439.5,13136.7,193.9
2025-08-06,Engineering Block,1101,30.3,4.6,498.5,2020.2,26102.9,402.8
2025-08-06,Science Block,920,30.3,2.8,496.9,1651.5,22075.2,320.2
2025-08-06,Admin Block,280,30.3,4.2,267.8,1165.6,11509.7,126.5
2025-08-06,Student Hostel,1500,30.3,3.6,325.9,2319.3,48245.8,714.7
2025-08-06,Central Library,527,30.3,3.3,272.1,1263.0,12998.1,163.9
2025-08-07,Engineering Block,1220,34.0,7.0,489.3,2303.5,28521.3,452.2
2025-08-07,Science Block,872,34.0,6.6,455.0,1840.8,21132.8,306.2
2025-08-07,Admin Block,312,34.0,6.5,305.9,1347.9,12670.1,146.1
2025-08-07,Student Hostel,1500,34.0,5.7,270.1,2495.4,49088.3,670.5
2025-08-07,Central Library,598,34.0,7.2,264.2,1537.8,14275.0,201.5
2025-08-08,Engineering Block,1107,37.0,7.5,479.5,2254.8,27056.2,405.4
2025-08-08,Science Block,952,37.0,7.5,483.7,2014.6,24459.8,374.1
2025-08-08,Admin Block,275,37.0,8.5,272.9,1433.8,12774.6,97.8
2025-08-08,Student Hostel,1500,37.0,8.8,238.7,2714.5,50339.0,707.1
2025-08-08,Central Library,538,37.0,9.0,239.0,1547.1,14986.4,156.3
2025-08-09,Engineering Block,180,32.5,0.9,478.1,1020.4,13211.7,121.8
2025-08-09,Science Block,142,32.5,1.1,501.3,842.2,11743.5,100.1
2025-08-09,Admin Block,45,32.5,1.1,269.7,530.0,6789.2,55.1
2025-08-09,Student Hostel,1350,32.5,6.0,231.8,2435.5,45544.4,643.3
2025-08-09,Central Library,90,32.5,1.1,294.3,648.8,7983.8,44.4
2025-08-10,Engineering Block,180,30.3,0.7,471.4,958.9,12815.4,154.1
2025-08-10,Science Block,142,30.3,0.7,490.0,825.5,12116.2,97.5
2025-08-10,Admin Block,45,30.3,0.6,299.9,556.6,6617.8,54.2
2025-08-10,Student Hostel,1350,30.3,3.9,307.6,2214.1,45230.9,622.6
2025-08-10,Central Library,90,30.3,0.7,265.6,621.7,6803.4,63.0
2025-08-11,Engineering Block,1213,30.2,3.3,498.4,2060.3,28019.0,413.3
2025-08-11,Science Block,823,30.2,4.3,474.6,1627.6,21243.8,311.0
2025-08-11,Admin Block,259,30.2,2.7,280.5,1027.7,11359.8,114.0
2025-08-11,Student Hostel,1500,30.2,4.0,329.0,2351.6,49396.8,710.1
2025-08-11,Central Library,598,30.2,4.5,285.1,1420.6,13133.1,183.5
2025-08-12,Engineering Block,1117,30.2,3.8,477.4,1987.8,25623.9,394.4
2025-08-12,Science Block,883,30.2,3.1,493.1,1617.5,21288.1,317.7
2025-08-12,Admin Block,298,30.2,3.6,291.2,1121.7,12118.8,167.9
2025-08-12,Student Hostel,1500,30.2,3.1,255.2,2315.3,48160.8,696.7
2025-08-12,Central Library,623,30.2,2.7,303.1,1239.4,13102.4,201.4
2025-08-13,Engineering Block,1149,29.4,3.2,516.5,2071.6,26942.0,431.0
2025-08-13,Science Block,870,29.4,3.5,542.5,1632.7,21469.6,329.2
2025-08-13,Admin Block,278,29.4,3.5,282.6,1114.2,11537.5,95.5
2025-08-13,Student Hostel,1500,29.4,3.0,300.6,2330.2,48914.7,672.2
2025-08-13,Central Library,532,29.4,3.0,257.8,1248.5,12184.7,160.1
2025-08-14,Engineering Block,1033,31.4,4.5,512.1,2049.9,25193.4,379.1
2025-08-14,Science Block,909,31.4,4.4,545.2,1803.6,22860.3,321.3
2025-08-14,Admin Block,280,31.4,4.9,249.3,1210.9,12220.5,123.9
2025-08-14,Student Hostel,1500,31.4,4.8,282.4,2416.2,48881.5,685.1
2025-08-14,Central Library,606,31.4,4.5,,1361.7,12709.8,187.5
2025-08-15,Engineering Block,1129,31.1,4.7,539.9,2083.3,26337.2,404.4
2025-08-15,Science Block,854,31.1,5.1,475.4,1756.1,21314.5,322.2
2025-08-15,Admin Block,278,31.1,5.2,313.2,1223.2,12531.7,121.6
2025-08-15,Student Hostel,1500,31.1,5.1,268.6,2413.5,47973.8,623.8
2025-08-15,Central Library,576,31.1,5.3,286.8,1433.1,13078.8,165.3
2025-08-16,Engineering Block,180,33.8,1.1,451.7,976.5,14466.0,146.7
2025-08-16,Science Block,142,33.8,1.2,478.3,753.9,11895.0,110.4
2025-08-16,Admin Block,45,33.8,1.4,258.3,593.3,7189.9,45.4
2025-08-16,Student Hostel,1350,33.8,5.6,290.7,2332.1,46317.0,594.4
2025-08-16,Central Library,90,33.8,1.0,294.5,621.2,7417.4,53.7
2025-08-17,Engineering Block,180,32.2,0.9,448.2,949.6,13855.9,128.7
2025-08-17,Science Block,142,32.2,1.1,470.1,849.4,10979.7,100.8
2025-08-17,Admin Block,45,32.2,1.0,229.0,511.7,15410.2,49.2
2025-08-17,Student Hostel,1350,32.2,4.8,224.0,2287.1,45932.3,641.9
2025-08-17,Central Library,90,32.2,0.9,279.6,585.5,7403.3,67.5
2025-08-18,Engineering Block,1060,28.8,2.9,479.1,1917.7,25200.7,401.3
2025-08-18,Science Block,846,28.8,3.3,501.2,1628.8,21579.9,326.9
2025-08-18,Admin Block,279,28.8,3.1,262.1,1108.0,12097.4,145.5
2025-08-18,Student Hostel,1500,28.8,3.1,299.4,2311.6,48241.0,703.1
2025-08-18,Central Library,522,28.8,3.3,332.0,1224.9,12692.6,201.4
2025-08-19,Engineering Block,1182,34.8,7.8,471.3,2330.1,27512.4,426.9
2025-08-19,Science Block,969,34.8,6.8,461.2,1956.1,24542.4,326.5
2025-08-19,Admin Block,268,34.8,7.0,299.5,1343.3,11755.3,140.7
2025-08-19,Student Hostel,1500,34.8,7.3,262.5,2576.7,48481.4,669.4
2025-08-19,Central Library,528,34.8,6.3,290.3,1507.6,13147.6,190.6
2025-08-20,Engineering Block,1098,31.0,3.8,464.0,1957.0,24938.3,385.2
2025-08-20,Science Block,862,31.0,3.2,503.0,1618.1,21990.3,337.3
2025-08-20,Admin Block,294,31.0,3.7,268.5,1099.6,11441.0,127.0
2025-08-20,Student Hostel,1500,31.0,4.1,334.3,2369.2,49015.8,685.0
2025-08-20,Central Library,526,31.0,3.6,311.9,1279.3,12976.8,126.1
2025-08-21,Engineering Block,1094,34.6,7.2,495.5,2221.3,26989.9,386.2
2025-08-21,Science Block,928,34.6,6.3,503.1,1911.4,23139.4,325.0
2025-08-21,Admin Block,281,34.6,6.7,284.9,1315.8,11156.4,134.1
2025-08-21,Student Hostel,1500,34.6,6.5,271.1,2558.4,48482.5,671.4
2025-08-21,Central Library,597,,6.2,267.8,1462.4,13745.4,173.9
2025-08-22,Engineering Block,1052,31.6,4.6,497.1,2031.6,26318.5,380.5
2025-08-22,Science Block,900,31.6,5.5,549.7,1796.3,22181.0,340.9
2025-08-22,Admin Block,290,31.6,4.4,337.2,1207.2,11322.5,151.8
2025-08-22,Student Hostel,1500,31.6,4.5,280.7,2469.8,48688.4,658.8
2025-08-22,Central Library,592,31.6,5.0,249.2,1351.9,13176.7,164.9
2025-08-23,Engineering Block,180,33.0,1.2,450.0,968.2,12998.9,108.2
2025-08-23,Science Block,142,33.0,1.0,493.0,740.8,11120.4,139.6
2025-08-23,Admin Block,45,33.0,1.2,282.7,559.3,7029.9,62.5
2025-08-23,Student Hostel,1350,33.0,5.0,261.8,2240.7,46247.9,610.4
2025-08-23,Central Library,90,33.0,1.2,341.4,594.8,8095.7,78.3
2025-08-24,Engineering Block,180,30.0,0.6,465.6,899.7,13164.9,142.7
2025-08-24,Science Block,142,30.0,0.8,476.8,1344.4,12415.0,106.1
2025-08-24,Admin Block,45,30.0,0.8,250.0,494.8,6888.5,33.9
2025-08-24,Student Hostel,1350,30.0,3.8,291.1,2242.0,45968.9,619.3
2025-08-24,Central Library,90,30.0,0.7,300.8,592.6,7469.8,43.7
2025-08-25,Engineering Block,1169,29.9,3.9,512.7,2090.3,27526.0,408.8
2025-08-25,Science Block,918,29.9,3.5,516.2,1710.0,22435.4,331.1
2025-08-25,Admin Block,289,29.9,4.1,282.8,1202.9,25080.5,166.6
2025-08-25,Student Hostel,1500,29.9,4.0,282.3,2328.7,48663.9,654.0
2025-08-25,Central Library,629,29.9,3.9,323.9,1434.7,13151.8,203.0
2025-08-26,Engineering Block,1099,32.6,4.5,446.8,2063.8,26339.4,354.6
2025-08-26,Science Block,921,32.6,6.1,477.0,1942.8,23198.2,316.1
2025-08-26,Admin Block,294,32.6,5.3,266.5,1266.2,13259.5,134.0
2025-08-26,Student Hostel,1500,32.6,4.4,275.4,2394.2,49069.0,665.1
2025-08-26,Central Library,582,32.6,5.1,272.5,1403.2,12180.5,194.1
2025-08-27,Engineering Block,1237,35.5,7.8,469.0,2385.2,29098.5,407.2
2025-08-27,Science Block,970,35.5,7.4,469.0,2063.9,24694.0,335.3
2025-08-27,Admin Block,307,35.5,6.7,246.0,1352.9,12685.3,143.5
2025-08-27,Student Hostel,1500,35.5,7.9,291.1,2605.4,49077.4,677.7
2025-08-27,Central Library,621,35.5,8.2,259.5,1659.1,13647.1,147.2
2025-08-28,Engineering Block,1049,32.6,4.6,444.9,1997.7,26452.2,392.7
2025-08-28,Science Block,984,32.6,5.9,455.1,1906.9,23339.1,369.9
2025-08-28,Admin Block,277,32.6,5.6,234.7,1217.2,11816.8,119.8
2025-08-28,Student Hostel,1500,32.6,4.5,315.1,2423.0,49674.7,668.6
2025-08-28,Central Library,554,32.6,6.0,311.7,1426.5,13082.3,169.1
2025-08-29,Engineering Block,1096,34.9,6.7,418.1,2163.1,25936.3,380.8
2025-08-29,Science Block,882,34.9,7.0,464.8,1891.3,22788.2,331.7
2025-08-29,Admin Block,282,34.9,7.1,250.1,1380.5,12637.3,126.3
2025-08-29,Student Hostel,1500,34.9,6.5,242.9,2540.4,49172.4,674.5
2025-08-29,Central Library,609,34.9,6.9,247.8,1549.2,13326.5,165.4
2025-08-30,Engineering Block,180,34.9,1.3,470.4,927.5,13857.6,128.8
2025-08-30,Science Block,142,34.9,1.3,450.5,832.0,12815.7,106.2
2025-08-30,Admin Block,45,34.9,1.6,253.6,545.4,6842.5,10.0
2025-08-30,Student Hostel,1350,34.9,6.7,255.1,2404.5,45929.1,614.4
2025-08-30,Central Library,90,34.9,1.3,303.6,666.3,7244.2,41.8
2025-08-31,Engineering Block,180,31.5,0.8,461.5,993.6,14086.9,142.2
2025-08-31,Science Block,142,31.5,1.0,502.1,809.4,11610.1,84.7
2025-08-31,Admin Block,45,31.5,1.1,265.5,573.8,8081.5,67.2
2025-08-31,Student Hostel,1350,31.5,3.7,234.9,2236.2,45579.1,651.5
2025-08-31,Central Library,90,31.5,0.9,278.2,645.8,7494.7,70.7
2025-09-01,Engineering Block,1137,32.3,5.5,520.2,2135.1,26454.1,421.9
2025-09-01,Science Block,932,32.3,5.7,509.2,1835.7,23011.4,360.9
2025-09-01,Admin Block,262,32.3,4.3,243.9,1133.5,11245.0,125.7
2025-09-01,Student Hostel,1500,32.3,5.3,274.8,2501.7,48962.9,669.1
2025-09-01,Central Library,587,32.3,5.0,270.6,1404.1,14244.3,192.3
2025-09-02,Engineering Block,1024,33.3,5.9,523.5,2009.0,25334.9,347.2
2025-09-02,Science Block,943,33.3,6.4,477.5,1971.0,23984.9,347.1
2025-09-02,Admin Block,290,33.3,5.2,269.3,1182.2,11720.1,145.1
2025-09-02,Student Hostel,1500,33.3,5.1,291.0,2368.4,48622.4,701.2
2025-09-02,Central Library,553,33.3,5.9,275.0,2240.4,13542.2,189.4
2025-09-03,Engineering Block,1207,31.3,4.7,458.2,2178.4,27660.6,401.6
2025-09-03,Science Block,874,31.3,4.5,491.9,1755.4,22325.9,306.4
2025-09-03,Admin Block,272,31.3,5.1,315.9,1189.2,11538.9,146.5
2025-09-03,Student Hostel,1500,31.3,4.7,300.3,2417.6,47959.3,706.3
2025-09-03,Central Library,519,31.3,3.9,248.8,1289.9,12182.8,159.3
2025-09-04,Engineering Block,1066,34.8,6.6,474.6,2119.6,25529.2,373.4
2025-09-04,Science Block,996,34.8,6.7,482.7,2046.7,24448.1,359.3
2025-09-04,Admin Block,287,34.8,6.0,284.0,1266.6,11778.4,130.2
2025-09-04,Student Hostel,1500,34.8,6.3,325.3,2543.5,49206.1,673.9
2025-09-04,Central Library,621,34.8,6.2,283.6,1522.1,13485.7,163.0
2025-09-05,Engineering Block,1188,32.1,5.7,453.6,2194.3,27929.1,410.0
2025-09-05,Science Block,881,32.1,4.7,482.4,1668.1,21709.4,315.6
2025-09-05,Admin Block,283,32.1,4.2,311.3,1165.4,11883.9,141.6
2025-09-05,Student Hostel,1500,32.1,5.4,,2469.3,49626.0,675.5
2025-09-05,Central Library,583,32.1,5.4,311.2,1525.9,13341.2,155.6
2025-09-06,Engineering Block,180,28.1,0.7,512.9,963.7,12699.4,151.8
2025-09-06,Science Block,142,28.1,0.6,478.5,795.8,11378.7,119.0
2025-09-06,Admin Block,45,28.1,0.5,276.7,481.5,6058.0,77.2
2025-09-06,Student Hostel,1350,28.1,3.0,236.4,2112.4,45177.8,562.5
2025-09-06,Central Library,90,28.1,0.7,273.5,573.0,6736.7,82.8
2025-09-07,Engineering Block,180,30.4,0.8,480.3,902.8,13397.7,163.9
2025-09-07,Science Block,142,30.4,0.9,514.9,774.0,11016.5,93.2
2025-09-07,Admin Block,45,30.4,0.8,307.6,474.0,6999.8,51.8
2025-09-07,Student Hostel,1350,30.4,3.8,310.2,2210.2,45147.5,637.6
2025-09-07,Central Library,90,30.4,0.9,285.2,641.1,7521.3,48.6
2025-09-08,Engineering Block,1197,31.7,4.8,504.2,2165.4,28181.3,398.2
2025-09-08,Science Block,814,31.7,4.6,451.0,1658.7,20963.0,289.1
2025-09-08,Admin Block,276,31.7,3.7,267.4,1134.1,11345.0,148.0
2025-09-08,Student Hostel,1500,31.7,3.9,299.6,2333.4,48778.0,669.6
2025-09-08,Central Library,588,31.7,4.1,283.4,1330.8,13437.5,190.9
2025-09-09,Engineering Block,1046,35.0,6.9,482.9,2138.5,25721.6,392.2
2025-09-09,Science Block,972,35.0,6.4,477.7,1967.3,23378.3,364.8
2025-09-09,Admin Block,264,35.0,6.4,238.3,1277.6,11671.2,145.5
2025-09-09,Student Hostel,1500,35.0,7.6,270.1,2563.8,49293.3,643.0
2025-09-09,Central Library,620,35.0,7.7,265.8,1634.3,14011.4,187.3
2025-09-10,Engineering Block,1076,28.9,3.4,489.8,1904.6,26888.5,371.9
2025-09-10,Science Block,899,28.9,3.5,498.1,1699.6,22534.7,325.7
2025-09-10,Admin Block,306,28.9,3.8,326.2,1180.7,12725.8,133.7
2025-09-10,Student Hostel,1500,28.9,3.5,239.7,2305.4,48463.4,658.5
2025-09-10,Central Library,537,28.9,2.9,264.4,1323.4,12639.4,142.7
2025-09-11,Engineering Block,1041,33.1,4.8,464.4,2032.2,25514.8,366.0
2025-09-11,Science Block,898,33.1,5.7,469.0,1817.7,22683.8,339.8
2025-09-11,Admin Block,280,33.1,5.3,286.1,1230.8,12573.3,142.1
2025-09-11,Student Hostel,1500,33.1,5.6,288.8,2455.2,49456.5,720.2
2025-09-11,Central Library,546,33.1,4.9,310.7,1363.5,13169.4,154.9
2025-09-12,Engineering Block,1146,30.0,3.5,527.2,2014.3,26578.9,412.4
2025-09-12,Science Block,948,30.0,3.2,485.4,1660.6,22509.1,349.9
2025-09-12,Admin Block,310,30.0,3.2,322.3,1116.7,11869.3,156.0
2025-09-12,Student Hostel,1500,30.0,3.8,284.9,2369.0,48688.7,679.4
2025-09-12,Central Library,612,30.0,4.0,337.2,1447.0,13072.4,174.9
2025-09-13,Engineering Block,180,28.1,0.5,436.2,978.5,12986.9,134.3
2025-09-13,Science Block,142,28.1,0.6,492.0,791.5,10456.0,95.9
2025-09-13,Admin Block,45,28.1,0.7,251.4,528.2,7607.8,10.0
2025-09-13,Student Hostel,1350,28.1,3.3,249.4,2229.0,44898.8,634.0
2025-09-13,Central Library,90,28.1,0.5,289.6,624.5,7860.9,35.7
2025-09-14,Engineering Block,180,31.4,0.8,459.2,968.7,14259.2,137.0
2025-09-14,Science Block,142,31.4,0.8,495.4,816.0,11734.3,121.6
2025-09-14,Admin Block,45,31.4,1.0,274.2,499.2,6793.8,43.9
2025-09-14,Student Hostel,1350,31.4,4.2,282.6,2220.5,45323.5,619.3
2025-09-14,Central Library,90,31.4,1.0,252.6,563.6,7989.9,88.6
2025-09-15,Engineering Block,1217,33.2,5.2,497.1,2199.7,28843.4,421.0
2025-09-15,Science Block,955,33.2,6.3,514.3,1970.6,23023.9,359.2
2025-09-15,Admin Block,293,33.2,5.8,286.2,1261.7,11973.4,161.0
2025-09-15,Student Hostel,1500,33.2,6.2,289.1,2524.1,48912.8,662.9
2025-09-15,Central Library,521,33.2,5.1,298.7,1408.8,12828.7,180.5
2025-09-16,Engineering Block,1059,31.8,4.1,483.0,1948.5,26265.4,392.7
2025-09-16,Science Block,980,31.8,5.7,495.4,1954.1,24110.7,357.4
2025-09-16,Admin Block,277,31.8,3.8,250.3,1153.4,10836.2,144.8
2025-09-16,Student Hostel,1500,31.8,3.9,287.2,2384.2,103665.8,688.2
2025-09-16,Central Library,598,31.8,4.4,278.9,1378.0,12973.3,161.6
2025-09-17,Engineering Block,1059,31.2,4.0,494.2,1989.5,25521.9,356.9
2025-09-17,Science Block,964,31.2,3.5,480.8,1801.3,23591.5,335.6
2025-09-17,Admin Block,256,31.2,4.2,305.3,1153.7,11265.7,160.3
2025-09-17,Student Hostel,1500,31.2,5.1,288.8,2416.2,48861.0,687.6
2025-09-17,Central Library,624,31.2,4.1,274.0,1382.0,14513.3,167.2
2025-09-18,Engineering Block,1147,31.1,4.5,480.3,2085.2,26736.7,394.7
2025-09-18,Science Block,873,31.1,3.5,533.5,1718.8,21765.8,328.7
2025-09-18,Admin Block,259,31.1,3.3,247.0,1078.3,11042.9,117.3
2025-09-18,Student Hostel,1500,31.1,4.7,306.1,2414.3,48175.7,639.7
2025-09-18,Central Library,543,31.1,3.5,253.8,1287.4,12594.5,158.4
2025-09-19,Engineering Block,1186,33.7,5.9,486.0,2190.6,28088.3,391.4
2025-09-19,Science Block,887,33.7,6.1,449.8,1847.0,22853.2,306.0
2025-09-19,Admin Block,280,33.7,6.2,263.4,1232.3,24697.9,120.0
2025-09-19,Student Hostel,1500,33.7,5.1,219.2,2399.9,49198.1,677.0
2025-09-19,Central Library,611,33.7,6.8,286.6,1528.5,14279.9,210.6
2025-09-20,Engineering Block,180,33.1,1.3,472.5,1008.9,13785.6,129.4
2025-09-20,Science Block,142,33.1,0.9,458.9,836.2,11764.1,105.1
2025-09-20,Admin Block,45,33.1,1.3,270.8,541.3,7203.0,51.1
2025-09-20,Student Hostel,1350,33.1,5.8,283.9,2358.8,45559.7,624.4
2025-09-20,Central Library,90,33.1,1.2,237.7,606.0,8309.7,63.0
2025-09-21,Engineering Block,180,29.3,0.6,520.1,1005.5,14053.0,140.4
2025-09-21,Science Block,142,29.3,0.6,510.1,737.9,11865.6,92.7
2025-09-21,Admin Block,45,29.3,0.8,245.2,502.2,6577.9,49.7
2025-09-21,Student Hostel,1350,29.3,3.4,297.3,2192.5,45530.9,649.9
2025-09-21,Central Library,90,29.3,0.6,283.7,533.2,7865.2,29.8
2025-09-22,Engineering Block,1218,31.0,3.5,523.2,2111.3,27298.5,430.8
2025-09-22,Science Block,922,31.0,4.9,496.5,1839.8,22890.6,354.3
2025-09-22,Admin Block,300,31.0,3.8,297.2,1120.4,11699.9,134.2
2025-09-22,Student Hostel,1500,31.0,4.3,351.8,2322.5,48375.5,663.0
2025-09-22,Central Library,511,31.0,3.9,338.9,1248.5,12727.2,159.0
2025-09-23,Engineering Block,1253,29.1,3.5,511.5,2147.8,28231.8,426.7
2025-09-23,Science Block,836,29.1,3.4,466.1,1663.0,21602.1,295.4
2025-09-23,Admin Block,282,29.1,3.7,317.2,1159.7,12041.2,111.9
2025-09-23,Student Hostel,1500,29.1,3.6,318.2,2410.4,47688.6,677.0
2025-09-23,Central Library,621,29.1,3.2,289.0,1300.7,12602.8,212.4
2025-09-24,Engineering Block,1113,34.4,6.0,449.9,2148.9,26784.2,381.0
2025-09-24,Science Block,960,34.4,5.9,456.2,1943.7,23319.9,344.5
2025-09-24,Admin Block,260,34.4,6.2,265.9,1269.6,11455.6,120.2
2025-09-24,Student Hostel,1500,34.4,5.9,284.5,2487.2,48745.4,678.6
2025-09-24,Central Library,588,34.4,5.9,327.4,1502.6,13950.9,188.7
2025-09-25,Engineering Block,1225,30.6,4.8,508.2,2210.0,28723.2,390.5
2025-09-25,Science Block,937,30.6,3.9,487.6,1832.4,22700.7,313.5
2025-09-25,Admin Block,299,30.6,3.4,286.0,1136.0,12111.7,127.9
2025-09-25,Student Hostel,1500,30.6,3.7,306.9,2355.9,48456.6,681.9
2025-09-25,Central Library,587,30.6,4.7,274.3,1394.6,12901.4,137.0
2025-09-26,Engineering Block,1098,32.1,4.6,469.5,2095.9,26423.6,377.3
2025-09-26,Science Block,814,32.1,4.3,489.0,1620.5,21543.1,325.2
2025-09-26,Admin Block,277,32.1,5.8,288.0,1232.3,12032.9,165.9
2025-09-26,Student Hostel,1500,32.1,5.9,298.1,2472.3,48489.4,685.9
2025-09-26,Central Library,558,32.1,4.6,286.1,1336.8,11909.2,163.3
2025-09-27,Engineering Block,180,30.8,0.9,536.0,1006.4,12958.9,159.6
2025-09-27,Science Block,142,30.8,0.8,466.1,816.2,11482.5,98.9
2025-09-27,Admin Block,45,30.8,0.8,275.5,470.3,7889.4,46.8
2025-09-27,Student Hostel,1350,30.8,3.2,267.2,2139.8,44891.1,672.8
2025-09-27,Central Library,90,30.8,0.9,282.4,567.1,7867.7,73.8
2025-09-28,Engineering Block,180,32.6,1.3,474.9,1576.9,13968.5,139.0
2025-09-28,Science Block,142,32.6,1.0,472.9,825.4,11766.3,127.4
2025-09-28,Admin Block,45,32.6,1.1,276.9,539.4,7653.8,90.7
2025-09-28,Student Hostel,1350,32.6,5.5,260.6,2395.4,45844.7,642.5
2025-09-28,Central Library,90,32.6,1.2,262.4,601.1,7072.4,43.4
2025-09-29,Engineering Block,1150,32.9,5.6,484.1,2150.8,27488.4,423.1
2025-09-29,Science Block,920,32.9,5.6,447.5,1901.5,22822.6,313.7
2025-09-29,Admin Block,292,32.9,6.4,330.7,1231.9,12079.8,129.2
2025-09-29,Student Hostel,1500,32.9,5.8,254.8,2498.7,48960.4,638.8
2025-09-29,Central Library,563,32.9,5.7,299.9,1436.0,12729.3,177.3
2025-09-30,Engineering Block,1132,31.1,3.5,501.0,2091.2,26565.9,413.2
2025-09-30,Science Block,948,31.1,3.3,454.6,1715.3,23460.2,349.8
2025-09-30,Admin Block,305,31.1,4.9,270.1,1225.9,12223.4,139.2
2025-09-30,Student Hostel,1500,31.1,3.6,285.8,2288.6,49385.7,666.8
2025-09-30,Central Library,625,31.1,5.3,270.3,1476.9,14855.7,165.2
2025-10-01,Engineering Block,1212,22.3,1.4,489.3,1988.4,27154.2,421.9
2025-10-01,Science Block,905,22.3,1.2,501.2,1592.4,20834.5,326.7
2025-10-01,Admin Block,305,22.3,1.4,267.0,1065.6,11303.0,138.2
2025-10-01,Student Hostel,1500,22.3,1.2,245.9,2144.0,48448.1,684.9
2025-10-01,Central Library,519,22.3,1.2,268.4,1070.9,10606.4,168.0
2025-10-02,Engineering Block,1091,26.3,2.5,533.2,1913.7,26503.4,392.9
2025-10-02,Science Block,859,26.3,2.9,443.6,1587.1,20847.2,330.0
2025-10-02,Admin Block,290,26.3,2.1,294.6,1024.4,12217.8,119.5
2025-10-02,Student Hostel,1500,26.3,2.8,278.7,2250.5,48524.2,720.8
2025-10-02,Central Library,519,26.3,2.7,306.1,1165.1,12066.2,164.7
2025-10-03,Engineering Block,1022,24.5,1.6,442.0,1770.1,25792.5,379.9
2025-10-03,Science Block,899,24.5,2.1,459.0,1602.0,21654.0,284.4
2025-10-03,Admin Block,256,24.5,1.5,259.6,936.5,10478.4,117.3
2025-10-03,Student Hostel,1500,24.5,1.8,281.5,2272.4,48306.7,674.8
2025-10-03,Central Library,624,24.5,1.8,254.1,1234.5,12692.6,164.8
2025-10-04,Engineering Block,180,24.7,0.3,483.5,897.8,11719.9,115.8
2025-10-04,Science Block,142,24.7,0.5,494.5,753.8,11684.7,71.6
2025-10-04,Admin Block,45,24.7,0.4,278.3,475.6,5365.3,29.9
2025-10-04,Student Hostel,1350,24.7,2.1,257.8,2075.7,45317.7,627.9
2025-10-04,Central Library,90,24.7,0.4,280.0,540.1,6595.1,29.0
2025-10-05,Engineering Block,180,20.9,0.1,474.9,917.1,11837.9,163.0
2025-10-05,Science Block,142,20.9,0.1,446.1,723.1,10452.6,99.8
2025-10-05,Admin Block,45,20.9,0.1,252.7,491.8,6129.1,10.0
2025-10-05,Student Hostel,1350,20.9,0.8,241.4,2000.4,44680.1,634.4
2025-10-05,Central Library,90,20.9,0.3,272.3,547.9,6764.3,45.8
2025-10-06,Engineering Block,1067,25.1,2.4,495.4,1776.7,25167.2,390.7
2025-10-06,Science Block,869,25.1,2.0,486.1,1547.4,21167.7,350.1
2025-10-06,Admin Block,309,25.1,1.9,216.8,1080.7,10971.7,148.0
2025-10-06,Student Hostel,1500,25.1,2.3,271.7,2263.7,48106.5,677.6
2025-10-06,Central Library,600,25.1,2.0,255.5,1202.0,12366.4,158.3
2025-10-07,Engineering Block,1129,28.4,3.5,500.4,2008.3,25928.3,417.9
2025-10-07,Science Block,816,28.4,2.6,505.4,1579.9,20786.7,284.0
2025-10-07,Admin Block,266,28.4,3.5,245.8,1141.3,12130.1,124.7
2025-10-07,Student Hostel,1500,28.4,2.9,285.1,2271.9,48594.7,677.7
2025-10-07,Central Library,583,28.4,3.4,280.6,1324.1,13085.6,191.3
2025-10-08,Engineering Block,1233,28.7,3.7,457.2,2088.5,28189.0,406.0
2025-10-08,Science Block,933,28.7,3.7,483.4,1719.6,23430.6,333.9
2025-10-08,Admin Block,259,28.7,3.3,304.0,1096.7,10352.2,127.0
2025-10-08,Student Hostel,1500,28.7,3.7,292.8,2345.8,48474.1,684.8
2025-10-08,Central Library,522,28.7,2.9,268.5,1167.2,11755.7,162.4
2025-10-09,Engineering Block,1128,23.8,1.4,415.1,1873.1,25954.2,416.9
2025-10-09,Science Block,972,23.8,1.8,473.5,1636.3,22625.6,357.0
2025-10-09,Admin Block,307,23.8,1.9,303.1,1113.9,11182.0,129.3
2025-10-09,Student Hostel,1500,23.8,1.4,308.6,2200.2,47480.4,684.1
2025-10-09,Central Library,520,23.8,1.7,289.6,1156.1,11305.3,160.5
2025-10-10,Engineering Block,1195,29.0,3.2,511.0,2044.3,27907.8,398.2
2025-10-10,Science Block,889,29.0,3.5,484.8,1636.2,21111.2,327.4
2025-10-10,Admin Block,270,29.0,2.9,286.0,1075.3,11337.1,125.3
2025-10-10,Student Hostel,1500,29.0,2.9,259.4,2281.2,47456.6,688.7
2025-10-10,Central Library,551,29.0,3.1,326.0,1201.6,11982.0,140.5
2025-10-11,Engineering Block,180,25.9,0.5,459.9,1010.7,12859.1,150.0
2025-10-11,Science Block,142,25.9,0.4,489.6,759.4,11571.0,110.4
2025-10-11,Admin Block,45,25.9,0.4,276.1,490.8,6007.6,13.0
2025-10-11,Student Hostel,1350,25.9,2.8,251.9,2135.8,44961.8,634.3
2025-10-11,Central Library,90,25.9,0.5,324.4,567.5,6656.7,55.9
2025-10-12,Engineering Block,180,27.8,0.6,497.5,891.0,13295.0,133.4
2025-10-12,Science Block,142,27.8,0.6,514.5,816.3,11273.2,132.9
2025-10-12,Admin Block,45,27.8,0.7,253.9,534.8,6268.9,33.4
2025-10-12,Student Hostel,1350,27.8,2.5,244.0,2204.8,45054.2,638.9
2025-10-12,Central Library,90,27.8,0.5,304.0,566.2,5839.8,57.2
2025-10-13,Engineering Block,1249,24.4,2.1,522.7,2016.5,27152.8,399.0
2025-10-13,Science Block,989,24.4,1.9,469.1,1734.0,23376.4,339.7
2025-10-13,Admin Block,314,24.4,1.7,303.0,1068.3,11027.3,166.1
2025-10-13,Student Hostel,1500,24.4,1.9,317.1,2211.2,47612.3,726.2
2025-10-13,Central Library,592,24.4,1.9,311.9,1288.9,11815.9,159.5
2025-10-14,Engineering Block,1023,24.9,1.6,518.2,1781.3,25176.5,364.1
2025-10-14,Science Block,932,24.9,1.6,499.5,1607.3,22707.3,352.0
2025-10-14,Admin Block,301,24.9,1.7,246.1,1056.4,11414.1,148.3
2025-10-14,Student Hostel,1500,24.9,1.7,306.1,2218.2,48543.3,689.7
2025-10-14,Central Library,560,24.9,2.5,241.8,1241.5,12277.5,161.9
2025-10-15,Engineering Block,1182,29.0,3.1,456.8,2010.7,27325.4,424.5
2025-10-15,Science Block,864,29.0,2.9,458.1,1606.6,21288.8,310.6
2025-10-15,Admin Block,281,29.0,2.9,263.6,1084.8,12045.0,121.7
2025-10-15,Student Hostel,1500,29.0,3.2,261.2,2325.2,49110.1,684.0
2025-10-15,Central Library,560,29.0,3.6,267.9,1270.9,12570.0,192.1
2025-10-16,Engineering Block,1090,22.9,1.7,458.4,1831.4,53614.6,403.4
2025-10-16,Science Block,817,,1.0,447.4,1482.5,19713.8,314.4
2025-10-16,Admin Block,283,22.9,1.3,282.3,1028.2,10946.2,133.6
2025-10-16,Student Hostel,1500,22.9,1.2,262.1,2213.5,48394.2,684.5
2025-10-16,Central Library,612,22.9,1.3,307.4,1911.9,13779.3,179.6
2025-10-17,Engineering Block,1020,24.9,2.2,482.8,1837.4,24628.6,389.2
2025-10-17,Science Block,891,24.9,1.6,493.0,1592.8,22573.0,319.7
2025-10-17,Admin Block,287,24.9,2.4,254.1,990.6,10560.3,122.6
2025-10-17,Student Hostel,1500,24.9,1.8,290.1,2170.4,48380.8,706.0
2025-10-17,Central Library,567,24.9,1.9,243.5,1110.5,11382.3,173.3
2025-10-18,Engineering Block,180,25.6,0.4,466.0,925.1,12846.2,131.9
2025-10-18,Science Block,142,25.6,0.4,475.8,725.5,10133.4,146.6
2025-10-18,Admin Block,45,25.6,0.5,290.7,428.3,6553.5,61.6
2025-10-18,Student Hostel,1350,25.6,2.6,273.6,2110.6,44912.7,620.6
2025-10-18,Central Library,90,25.6,0.5,282.0,538.2,7558.7,50.7
2025-10-19,Engineering Block,180,21.7,0.2,464.1,889.9,11448.9,159.2
2025-10-19,Science Block,142,21.7,0.2,426.4,766.9,9484.5,89.8
2025-10-19,Admin Block,45,21.7,0.2,282.9,486.3,6369.3,40.2
2025-10-19,Student Hostel,1350,21.7,1.0,314.7,2058.1,44575.7,632.4
2025-10-19,Central Library,90,21.7,0.3,226.0,567.2,7354.4,53.8
2025-10-20,Engineering Block,1061,26.5,2.9,534.1,1912.0,24723.1,374.5
2025-10-20,Science Block,968,26.5,2.1,472.7,1678.2,22263.8,359.3
2025-10-20,Admin Block,296,26.5,2.4,268.1,1115.9,11275.5,138.5
2025-10-20,Student Hostel,1500,26.5,2.3,305.1,2255.8,48463.5,684.2
2025-10-20,Central Library,579,26.5,2.7,263.1,1241.8,12162.5,188.5
2025-10-21,Engineering Block,1117,24.5,2.0,487.5,1913.9,25653.0,357.7
2025-10-21,Science Block,901,24.5,2.3,447.5,1606.2,21331.7,346.2
2025-10-21,Admin Block,263,24.5,1.5,252.1,964.9,10619.3,129.4
2025-10-21,Student Hostel,1500,24.5,1.7,287.3,2227.6,47579.8,670.4
2025-10-21,Central Library,622,24.5,2.4,273.6,1335.7,13615.4,200.6
2025-10-22,Engineering Block,1224,28.9,3.7,504.6,2078.1,27814.6,424.1
2025-10-22,Science Block,896,28.9,3.7,478.4,1708.9,22329.2,323.7
2025-10-22,Admin Block,300,28.9,2.9,306.1,1055.7,11447.7,121.2
2025-10-22,Student Hostel,1500,28.9,3.0,239.7,2371.3,49005.7,671.1
2025-10-22,Central Library,514,28.9,3.8,242.8,1297.6,11808.5,179.4
2025-10-23,Engineering Block,1247,27.5,2.6,491.0,2065.1,27236.6,432.0
2025-10-23,Science Block,865,27.5,3.2,489.6,1645.2,22391.1,326.3
2025-10-23,Admin Block,287,27.5,3.2,263.5,1052.1,11097.4,133.3
2025-10-23,Student Hostel,1500,27.5,3.0,256.7,2310.8,48647.9,694.7
2025-10-23,Central Library,627,27.5,2.7,289.8,1341.4,13448.8,191.4
2025-10-24,Engineering Block,1233,26.6,2.9,522.1,1971.5,56743.9,432.1
2025-10-24,Science Block,831,26.6,2.3,471.9,1587.1,21116.3,306.6
2025-10-24,Admin Block,291,26.6,2.6,299.3,1083.2,11365.8,116.5
2025-10-24,Student Hostel,1500,26.6,2.8,270.6,2233.6,49061.0,670.2
2025-10-24,Central Library,603,26.6,2.4,220.6,1235.6,12229.2,174.0
2025-10-25,Engineering Block,180,23.2,0.2,499.8,887.5,12212.0,124.3
2025-10-25,Science Block,142,23.2,0.2,486.1,754.0,10664.0,96.4
2025-10-25,Admin Block,45,23.2,0.4,314.4,552.0,5874.0,20.1
2025-10-25,Student Hostel,1350,23.2,1.2,264.5,2052.1,44547.9,643.1
2025-10-25,Central Library,90,23.2,0.2,264.8,599.2,5635.4,58.6
2025-10-26,Engineering Block,180,27.6,0.5,489.6,928.6,13100.7,118.3
2025-10-26,Science Block,142,27.6,0.5,478.9,719.9,10541.9,136.2
2025-10-26,Admin Block,45,27.6,0.6,255.7,491.3,6176.9,27.4
2025-10-26,Student Hostel,1350,27.6,3.1,291.3,2174.4,44991.2,603.6
2025-10-26,Central Library,90,27.6,0.6,306.6,630.0,6244.1,36.7
2025-10-27,Engineering Block,1144,24.6,1.6,443.1,1942.0,26412.2,400.1
2025-10-27,Science Block,959,24.6,2.4,489.8,1698.6,22149.9,338.4
2025-10-27,Admin Block,291,24.6,1.8,250.5,970.7,11250.6,114.1
2025-10-27,Student Hostel,1500,24.6,2.0,265.7,2254.8,48193.1,698.1
2025-10-27,Central Library,565,24.6,2.4,226.3,1226.9,12109.7,178.0
2025-10-28,Engineering Block,1095,25.4,1.8,510.4,1895.7,26353.7,397.1
2025-10-28,Science Block,927,25.4,1.9,467.0,1613.4,22113.7,360.0
2025-10-28,Admin Block,306,25.4,2.3,285.0,1135.4,11582.1,139.4
2025-10-28,Student Hostel,1500,25.4,2.0,257.0,2200.0,47159.2,675.2
2025-10-28,Central Library,551,25.4,1.8,242.7,1124.9,12222.4,160.5
2025-10-29,Engineering Block,1217,28.1,2.9,454.7,1999.0,27893.0,437.4
2025-10-29,Science Block,871,28.1,2.9,470.5,1600.6,22426.7,313.3
2025-10-29,Admin Block,257,28.1,3.5,286.7,1065.4,10058.8,103.5
2025-10-29,Student Hostel,1500,28.1,3.3,248.9,2312.1,48178.2,690.4
2025-10-29,Central Library,513,28.1,3.3,217.6,1303.1,12094.6,162.8
2025-10-30,Engineering Block,1157,26.5,2.6,509.9,1930.5,26990.2,402.4
2025-10-30,Science Block,897,26.5,2.6,479.3,1612.5,22065.4,321.3
2025-10-30,Admin Block,269,26.5,2.8,296.3,1021.1,11218.7,138.6
2025-10-30,Student Hostel,1500,26.5,2.8,290.6,2306.2,47856.1,640.1
2025-10-30,Central Library,588,26.5,2.7,276.3,1228.1,12715.6,181.5
2025-10-31,Engineering Block,1149,24.9,2.3,446.9,1977.8,26525.4,416.4
2025-10-31,Science Block,867,24.9,1.7,411.7,1598.6,20668.9,304.6
2025-10-31,Admin Block,308,24.9,2.4,287.4,1094.3,11306.7,166.2
2025-10-31,Student Hostel,1500,24.9,2.3,279.4,2256.1,47292.7,691.5
2025-10-31,Central Library,525,24.9,2.4,322.0,1137.4,11357.2,176.7
2025-11-01,Engineering Block,180,25.7,0.5,465.4,976.6,12405.2,139.9
2025-11-01,Science Block,142,25.7,0.5,477.4,753.9,11412.9,76.3
2025-11-01,Admin Block,45,25.7,0.4,291.3,458.2,6443.5,48.8
2025-11-01,Student Hostel,1350,25.7,2.7,221.1,2213.8,45468.1,607.8
2025-11-01,Central Library,90,25.7,0.4,302.9,526.3,7155.8,65.2
2025-11-02,Engineering Block,180,25.6,0.4,459.8,970.4,13318.1,120.1
2025-11-02,Science Block,142,25.6,0.4,467.6,798.3,11090.4,117.8
2025-11-02,Admin Block,45,25.6,0.5,293.5,481.7,5743.5,42.0
2025-11-02,Student Hostel,1350,25.6,1.9,273.6,2114.7,44841.8,644.7
2025-11-02,Central Library,90,25.6,0.4,341.5,513.1,6944.3,16.7
2025-11-03,Engineering Block,1221,27.1,3.0,496.2,2139.1,27734.8,394.7
2025-11-03,Science Block,808,27.1,3.1,471.9,1609.2,20777.0,273.2
2025-11-03,Admin Block,286,27.1,3.1,262.1,1091.5,11420.4,145.8
2025-11-03,Student Hostel,1500,27.1,2.7,257.2,2269.8,49248.3,679.0
2025-11-03,Central Library,552,27.1,2.3,267.3,1212.4,11448.5,154.1
2025-11-04,Engineering Block,1171,25.9,2.4,485.0,1925.5,26256.5,449.6
2025-11-04,Science Block,984,25.9,2.7,458.7,1790.0,22562.9,318.6
2025-11-04,Admin Block,293,25.9,1.9,292.8,1056.5,11876.2,128.0
2025-11-04,Student Hostel,1500,25.9,2.0,292.9,2177.6,48040.3,691.7
2025-11-04,Central Library,624,25.9,2.7,277.0,1299.2,13457.6,195.2
2025-11-05,Engineering Block,1083,27.1,2.6,506.4,1867.8,25257.5,381.0
2025-11-05,Science Block,864,27.1,2.5,469.8,1589.9,22079.8,302.3
2025-11-05,Admin Block,283,27.1,2.3,294.3,1094.7,11812.4,122.9
2025-11-05,Student Hostel,1500,27.1,2.6,343.8,2259.9,48040.5,676.3
2025-11-05,Central Library,593,27.1,2.9,290.8,1287.5,12112.9,160.0
2025-11-06,Engineering Block,1076,26.2,2.3,427.1,1881.7,25449.4,379.1
2025-11-06,Science Block,857,26.2,2.3,458.6,1604.3,20423.5,337.0
2025-11-06,Admin Block,298,26.2,2.3,286.6,1039.8,10769.0,152.1
2025-11-06,Student Hostel,1500,26.2,2.2,234.7,2182.7,47805.4,669.5
2025-11-06,Central Library,512,26.2,2.7,281.2,1164.7,11363.5,120.9
2025-11-07,Engineering Block,1144,22.6,1.2,454.0,1883.2,26211.7,412.7
2025-11-07,Science Block,959,22.6,1.8,452.0,1634.4,22655.8,347.3
2025-11-07,Admin Block,256,22.6,1.8,267.2,984.6,10376.5,132.1
2025-11-07,Student Hostel,1500,22.6,1.1,287.4,2175.2,47338.8,702.5
2025-11-07,Central Library,588,22.6,1.0,300.4,1150.8,11690.0,203.0
2025-11-08,Engineering Block,180,27.8,0.6,481.9,948.6,13385.2,112.9
2025-11-08,Science Block,142,27.8,0.6,490.0,761.6,10892.9,99.2
2025-11-08,Admin Block,45,27.8,0.6,301.0,493.9,6771.8,58.3
2025-11-08,Student Hostel,1350,27.8,2.9,278.3,2177.5,45813.7,620.8
2025-11-08,Central Library,90,27.8,0.7,262.8,579.1,7766.3,59.9
2025-11-09,Engineering Block,180,23.8,0.3,493.0,941.4,13917.5,136.3
2025-11-09,Science Block,142,23.8,0.4,494.3,751.2,10402.1,116.8
2025-11-09,Admin Block,45,23.8,0.3,270.7,497.1,5741.5,60.5
2025-11-09,Student Hostel,1350,23.8,1.7,299.2,2076.9,44068.7,627.1
2025-11-09,Central Library,90,23.8,0.3,253.4,548.0,6946.7,40.7
2025-11-10,Engineering Block,1021,25.0,2.3,476.4,1772.0,24083.1,365.6
2025-11-10,Science Block,868,25.0,2.3,425.7,1585.1,21537.0,316.4
2025-11-10,Admin Block,296,25.0,2.0,275.6,1023.6,11138.2,128.0
2025-11-10,Student Hostel,1500,25.0,2.6,300.5,2277.9,48430.7,708.5
2025-11-10,Central Library,599,25.0,2.1,258.1,1253.7,12115.1,185.9
2025-11-11,Engineering Block,1167,24.6,1.9,446.3,1932.2,26275.1,417.9
2025-11-11,Science Block,943,24.6,2.0,506.6,1643.2,22912.5,363.8
2025-11-11,Admin Block,306,24.6,1.6,256.5,1601.0,11126.1,146.2
2025-11-11,Student Hostel,1500,24.6,2.5,281.7,2254.0,48250.3,664.3
2025-11-11,Central Library,517,24.6,1.9,268.9,1150.6,11922.3,164.0
2025-11-12,Engineering Block,1242,29.5,3.2,513.7,2033.9,27769.3,424.2
2025-11-12,Science Block,884,29.5,3.2,456.6,1651.7,22347.6,326.0
2025-11-12,Admin Block,271,29.5,3.2,320.6,1113.6,10473.2,113.5
2025-11-12,Student Hostel,1500,29.5,3.7,268.0,2325.1,48896.7,645.9
2025-11-12,Central Library,566,29.5,3.1,300.5,1162.1,13429.4,189.7
2025-11-13,Engineering Block,1097,28.6,3.6,532.5,2029.0,26191.2,383.2
2025-11-13,Science Block,902,28.6,2.8,469.5,1624.8,22071.0,311.1
2025-11-13,Admin Block,286,28.6,3.2,286.4,1152.8,10727.1,167.0
2025-11-13,Student Hostel,1500,28.6,3.4,267.0,2345.0,47890.4,686.6
2025-11-13,Central Library,576,28.6,3.1,246.0,1271.6,12768.8,148.3
2025-11-14,Engineering Block,1194,26.8,2.4,400.2,1956.1,27599.5,412.0
2025-11-14,Science Block,949,26.8,2.2,453.3,1677.8,23140.3,340.4
2025-11-14,Admin Block,277,26.8,2.4,309.1,1011.3,11370.5,134.5
2025-11-14,Student Hostel,1500,26.8,2.2,272.5,2217.8,47276.1,646.1
2025-11-14,Central Library,613,26.8,3.1,314.3,1315.6,12301.3,184.5
2025-11-15,Engineering Block,180,26.0,0.4,433.4,1005.5,13031.0,131.2
2025-11-15,Science Block,142,26.0,0.4,428.4,711.6,11485.5,104.6
2025-11-15,Admin Block,45,26.0,0.4,270.4,380.4,6049.5,42.3
2025-11-15,Student Hostel,1350,26.0,2.7,274.2,2167.2,44614.3,645.5
2025-11-15,Central Library,90,26.0,0.6,258.6,495.3,6845.7,71.6
2025-11-16,Engineering Block,180,22.8,0.2,480.0,882.7,12428.4,126.9
2025-11-16,Science Block,142,22.8,0.2,476.0,797.2,11019.1,135.2
2025-11-16,Admin Block,45,22.8,0.2,266.7,496.0,5704.8,64.4
2025-11-16,Student Hostel,1350,22.8,1.5,258.1,2075.5,45267.2,641.3
2025-11-16,Central Library,90,22.8,0.3,311.8,545.8,6667.9,45.4
2025-11-17,Engineering Block,1079,29.5,3.8,511.7,1938.1,25009.7,386.5
2025-11-17,Science Block,817,29.5,3.7,478.8,1641.8,21385.5,303.9
2025-11-17,Admin Block,308,29.5,3.1,300.9,1121.2,12636.0,119.4
2025-11-17,Student Hostel,1500,29.5,3.3,287.0,2290.5,48115.0,682.4
2025-11-17,Central Library,610,29.5,3.3,278.9,1302.3,13071.5,163.6
2025-11-18,Engineering Block,1211,29.7,3.2,483.7,2028.9,28147.1,395.0
2025-11-18,Science Block,954,29.7,3.3,486.7,1740.6,23676.7,358.8
2025-11-18,Admin Block,263,29.7,3.6,268.4,1111.2,10952.0,123.8
2025-11-18,Student Hostel,1500,29.7,3.6,287.5,2330.8,48166.5,687.7
2025-11-18,Central Library,522,29.7,3.9,275.6,1304.6,12240.7,164.8
2025-11-19,Engineering Block,1124,22.8,1.3,475.5,1878.0,25348.0,384.6
2025-11-19,Science Block,864,22.8,1.9,498.7,1604.1,20417.1,296.7
2025-11-19,Admin Block,301,22.8,1.9,269.0,1039.3,11033.9,173.7
2025-11-19,Student Hostel,1500,22.8,1.9,245.7,2245.3,47619.1,680.1
2025-11-19,Central Library,549,22.8,1.9,257.0,1198.1,11601.9,174.3
2025-11-20,Engineering Block,1059,23.4,1.1,500.0,1849.7,24778.7,387.7
2025-11-20,Science Block,846,23.4,1.2,470.2,1551.4,21089.4,295.9
2025-11-20,Admin Block,275,23.4,1.6,256.5,929.3,11177.0,117.0
2025-11-20,Student Hostel,1500,23.4,1.8,272.4,2201.3,48394.6,702.1
2025-11-20,Central Library,602,23.4,2.0,288.7,1181.8,11893.7,188.9
2025-11-21,Engineering Block,1160,21.9,0.9,466.2,1825.7,25539.9,391.1
2025-11-21,Science Block,923,21.9,1.4,502.5,1628.9,21379.1,337.1
2025-11-21,Admin Block,281,21.9,1.0,284.1,929.4,10033.1,107.6
2025-11-21,Student Hostel,1500,21.9,0.7,298.5,2180.9,47493.1,665.9
2025-11-21,Central Library,565,21.9,0.8,225.0,1108.0,11536.0,172.7
2025-11-22,Engineering Block,180,25.6,0.4,455.3,916.9,12238.2,140.2
2025-11-22,Science Block,142,25.6,0.4,480.1,741.3,10931.0,134.3
2025-11-22,Admin Block,45,25.6,0.5,253.3,493.7,5947.5,47.5
2025-11-22,Student Hostel,1350,25.6,2.1,291.9,2014.6,44440.0,622.1
2025-11-22,Central Library,90,25.6,0.4,246.0,634.7,6639.5,51.2
2025-11-23,Engineering Block,180,25.6,0.4,450.0,929.0,13041.5,109.1
2025-11-23,Science Block,142,25.6,0.5,516.2,776.8,11423.1,118.3
2025-11-23,Admin Block,45,25.6,0.4,248.0,472.7,6466.6,28.9
2025-11-23,Student Hostel,1350,25.6,2.1,250.9,2166.3,45108.8,632.5
2025-11-23,Central Library,90,25.6,0.5,281.9,546.6,6525.8,84.7
2025-11-24,Engineering Block,1078,25.3,2.5,496.8,1851.2,24788.5,383.1
2025-11-24,Science Block,878,25.3,1.8,511.4,1561.0,21868.0,307.6
2025-11-24,Admin Block,259,25.3,2.6,275.5,978.2,11678.7,131.1
2025-11-24,Student Hostel,1500,25.3,2.3,311.0,2204.8,47808.7,683.6
2025-11-24,Central Library,541,25.3,2.0,226.8,1159.4,11920.7,198.1
2025-11-25,Engineering Block,1124,21.8,1.4,470.0,1876.5,25167.9,367.7
2025-11-25,Science Block,936,21.8,0.9,429.3,1559.7,21973.5,345.8
2025-11-25,Admin Block,290,21.8,1.6,282.3,997.1,10964.5,133.7
2025-11-25,Student Hostel,1500,21.8,0.9,276.1,2143.0,46706.0,669.4
2025-11-25,Central Library,556,21.8,1.6,251.2,1188.2,11671.9,150.8
2025-11-26,Engineering Block,1198,27.0,2.4,470.5,1954.8,27210.5,424.1
2025-11-26,Science Block,991,27.0,2.8,461.3,1729.6,23715.9,402.1
2025-11-26,Admin Block,272,27.0,2.5,276.6,1024.3,10700.3,122.1
2025-11-26,Student Hostel,1500,27.0,2.6,284.8,2268.8,48868.6,676.2
2025-11-26,Central Library,538,27.0,3.1,302.5,1268.7,12187.0,158.6
2025-11-27,Engineering Block,1062,29.2,3.0,489.4,1928.0,24782.1,356.4
2025-11-27,Science Block,886,29.2,3.5,513.6,1672.9,22528.7,356.2
2025-11-27,Admin Block,300,29.2,3.2,242.2,1095.2,11606.7,120.2
2025-11-27,Student Hostel,1500,29.2,3.7,285.1,2265.0,48858.4,674.7
2025-11-27,Central Library,550,29.2,3.3,314.2,1295.4,13413.8,140.2
2025-11-28,Engineering Block,1118,20.5,0.9,447.9,1820.1,23971.7,351.7
2025-11-28,Science Block,946,20.5,1.2,449.3,1618.4,21399.0,330.4
2025-11-28,Admin Block,277,20.5,1.0,292.2,909.0,9279.3,120.0
2025-11-28,Student Hostel,1500,20.5,0.4,230.4,2178.3,47992.6,717.8
2025-11-28,Central Library,548,20.5,0.5,278.5,1061.4,11027.9,171.0
2025-11-29,Engineering Block,180,30.5,1.0,489.2,954.5,13379.7,114.6
2025-11-29,Science Block,142,,0.6,541.1,1149.4,11858.8,92.8
2025-11-29,Admin Block,45,30.5,1.0,239.9,524.5,6835.5,43.0
2025-11-29,Student Hostel,1350,30.5,3.1,324.5,2183.9,44798.4,646.0
2025-11-29,Central Library,90,30.5,0.9,289.2,588.1,7993.3,59.6
2025-11-30,Engineering Block,180,23.6,0.4,433.6,928.8,12320.1,138.4
2025-11-30,Science Block,142,23.6,0.3,488.7,712.1,10961.7,115.9
2025-11-30,Admin Block,45,23.6,0.3,310.0,437.9,6209.1,52.7
2025-11-30,Student Hostel,1350,23.6,1.3,295.4,2034.4,44694.8,639.6
2025-11-30,Central Library,90,23.6,0.3,280.9,505.7,6068.6,47.5
2025-12-01,Engineering Block,1073,15.0,0.0,453.5,1713.7,24337.7,398.4
2025-12-01,Science Block,897,15.0,0.0,466.7,1453.8,21342.5,334.1
2025-12-01,Admin Block,278,15.0,0.0,269.5,903.4,9640.5,119.8
2025-12-01,Student Hostel,1500,15.0,0.0,243.2,2096.7,45134.7,671.9
2025-12-01,Central Library,551,15.0,0.0,242.6,1064.7,10413.1,182.1
2025-12-02,Engineering Block,1060,12.3,0.0,450.8,1787.6,24731.1,384.9
2025-12-02,Science Block,866,12.3,0.0,419.1,1499.4,19949.9,290.7
2025-12-02,Admin Block,282,12.3,0.0,286.9,850.7,9837.0,107.5
2025-12-02,Student Hostel,1500,12.3,0.0,257.9,2149.4,46292.7,684.9
2025-12-02,Central Library,518,12.3,0.0,206.9,997.4,10992.0,126.1
2025-12-03,Engineering Block,1081,12.6,0.0,420.2,1721.6,23178.5,379.5
2025-12-03,Science Block,815,12.6,0.0,402.3,1376.0,19004.1,304.6
2025-12-03,Admin Block,309,12.6,0.0,239.8,960.2,10021.9,125.9
2025-12-03,Student Hostel,1500,12.6,0.0,234.1,2106.0,46082.3,683.0
2025-12-03,Central Library,520,12.6,0.0,259.5,988.5,10033.9,139.3
2025-12-04,Engineering Block,1226,12.9,0.0,461.8,1835.0,26229.1,458.1
2025-12-04,Science Block,894,12.9,0.0,430.0,1419.0,19934.8,324.5
2025-12-04,Admin Block,285,12.9,0.0,233.0,960.9,9479.8,149.2
2025-12-04,Student Hostel,1500,12.9,0.0,184.4,2135.4,47092.9,673.0
2025-12-04,Central Library,626,12.9,0.0,253.2,1140.6,10958.5,192.8
2025-12-05,Engineering Block,1149,11.3,0.0,435.4,1813.8,23811.2,390.0
2025-12-05,Science Block,908,11.3,0.0,422.7,1465.1,20908.6,334.0
2025-12-05,Admin Block,300,11.3,0.0,256.9,950.6,9025.7,189.2
2025-12-05,Student Hostel,1500,11.3,0.0,225.9,2114.7,45511.9,698.6
2025-12-05,Central Library,612,11.3,0.0,233.3,1133.4,11353.3,182.5
2025-12-06,Engineering Block,180,11.8,0.0,404.5,929.1,11175.0,116.1
2025-12-06,Science Block,142,11.8,0.0,448.0,655.4,9324.1,105.3
2025-12-06,Admin Block,45,11.8,0.0,241.6,422.2,4428.4,56.1
2025-12-06,Student Hostel,1350,11.8,0.0,230.5,1965.4,43395.0,646.4
2025-12-06,Central Library,90,11.8,0.0,246.9,570.0,4470.8,61.3
2025-12-07,Engineering Block,180,14.6,0.0,434.1,877.3,10460.1,129.8
2025-12-07,Science Block,142,14.6,0.0,469.0,785.0,10074.6,81.0
2025-12-07,Admin Block,45,14.6,0.0,293.6,489.5,5694.9,47.7
2025-12-07,Student Hostel,1350,14.6,0.0,226.6,1991.3,43943.5,637.1
2025-12-07,Central Library,90,14.6,0.0,262.0,541.2,5212.1,56.6
2025-12-08,Engineering Block,1205,14.4,0.0,443.5,1801.1,25419.0,453.9
2025-12-08,Science Block,892,14.4,0.0,446.0,1500.5,19961.2,327.4
2025-12-08,Admin Block,297,14.4,0.0,251.6,907.4,10251.9,151.6
2025-12-08,Student Hostel,1500,14.4,0.0,280.9,2112.8,47239.8,668.8
2025-12-08,Central Library,562,14.4,0.0,207.0,1057.1,10957.2,150.7
2025-12-09,Engineering Block,1155,11.8,0.0,394.4,1817.2,24190.8,412.0
2025-12-09,Science Block,982,11.8,0.0,416.0,1609.8,21349.9,336.2
2025-12-09,Admin Block,282,11.8,0.0,254.4,883.5,8549.9,123.5
2025-12-09,Student Hostel,1500,11.8,0.0,227.7,2077.1,45549.3,703.3
2025-12-09,Central Library,510,11.8,0.0,250.4,1026.7,9969.2,157.9
2025-12-10,Engineering Block,1181,15.4,0.0,402.8,1846.8,25676.1,391.6
2025-12-10,Science Block,974,15.4,0.0,463.3,1593.1,21789.9,358.1
2025-12-10,Admin Block,291,15.4,0.0,259.6,860.8,10305.4,132.2
2025-12-10,Student Hostel,1500,15.4,0.0,259.3,2128.7,46494.5,686.6
2025-12-10,Central Library,536,15.4,0.0,288.7,1086.6,9759.0,177.3
2025-12-11,Engineering Block,1197,10.9,0.0,435.7,1814.4,25439.7,395.2
2025-12-11,Science Block,825,10.9,0.0,452.7,1448.2,18597.9,304.6
2025-12-11,Admin Block,284,10.9,0.0,231.3,891.1,8772.0,166.3
2025-12-11,Student Hostel,1500,10.9,0.0,239.8,2099.4,46551.6,712.4
2025-12-11,Central Library,558,10.9,0.0,246.0,1002.2,11298.1,137.9
2025-12-12,Engineering Block,1092,15.6,0.0,470.3,1775.7,23928.0,402.8
2025-12-12,Science Block,859,15.6,0.0,433.2,1450.6,20078.5,337.4
2025-12-12,Admin Block,264,15.6,0.0,255.0,842.0,9714.0,92.5
2025-12-12,Student Hostel,1500,15.6,0.0,241.7,2110.4,47421.6,717.3
2025-12-12,Central Library,599,15.6,0.0,275.7,1164.3,11591.4,186.6
2025-12-13,Engineering Block,180,13.0,0.0,462.3,903.6,11718.0,115.9
2025-12-13,Science Block,142,13.0,0.0,475.1,798.5,8660.6,91.4
2025-12-13,Admin Block,45,13.0,0.0,272.2,454.1,4953.7,89.7
2025-12-13,Student Hostel,1350,13.0,0.0,289.3,1875.0,43627.8,616.2
2025-12-13,Central Library,90,13.0,0.0,245.5,519.3,5080.2,65.3
2025-12-14,Engineering Block,180,13.4,0.0,408.0,942.6,11208.3,114.3
2025-12-14,Science Block,142,13.4,0.0,436.7,768.0,10324.0,140.1
2025-12-14,Admin Block,45,13.4,0.0,270.5,470.8,5107.7,39.3
2025-12-14,Student Hostel,1350,13.4,0.0,237.4,1947.7,44190.9,621.2
2025-12-14,Central Library,90,13.4,0.0,280.9,499.5,5809.8,71.5
2025-12-15,Engineering Block,1028,9.9,0.0,389.7,1682.9,22886.7,376.0
2025-12-15,Science Block,813,9.9,0.0,430.3,1405.7,19109.0,284.6
2025-12-15,Admin Block,292,9.9,0.0,244.1,872.6,8993.0,120.9
2025-12-15,Student Hostel,1500,9.9,0.0,220.1,2089.0,47028.9,660.2
2025-12-15,Central Library,540,9.9,0.0,286.8,990.7,10080.1,157.6
2025-12-16,Engineering Block,1144,12.4,0.0,403.3,1836.3,24965.5,402.4
2025-12-16,Science Block,894,12.4,0.0,407.2,1457.5,20488.9,313.1
2025-12-16,Admin Block,314,12.4,0.0,267.2,915.1,9004.7,171.0
2025-12-16,Student Hostel,1500,12.4,0.0,256.8,2079.1,47296.6,683.1
2025-12-16,Central Library,582,12.4,0.0,266.7,1047.4,10937.1,159.5
2025-12-17,Engineering Block,1109,16.3,0.0,431.9,1791.7,25306.1,411.4
2025-12-17,Science Block,836,16.3,0.0,407.2,1357.5,19195.1,349.9
2025-12-17,Admin Block,272,16.3,0.0,240.3,942.9,9450.1,157.7
2025-12-17,Student Hostel,1500,16.3,0.0,300.4,2099.6,47592.9,702.0
2025-12-17,Central Library,625,16.3,0.0,239.8,1111.1,11883.1,189.0
2025-12-18,Engineering Block,1248,10.4,0.0,427.7,1845.5,25669.2,441.0
2025-12-18,Science Block,820,10.4,0.0,410.9,1469.0,19478.6,323.7
2025-12-18,Admin Block,264,10.4,0.0,223.0,801.7,9010.5,127.2
2025-12-18,Student Hostel,1500,10.4,0.0,223.4,2071.5,46023.2,667.2
2025-12-18,Central Library,599,10.4,0.0,305.7,1140.7,11125.2,171.0
2025-12-19,Engineering Block,1233,16.0,0.0,438.9,1835.9,26532.6,418.0
2025-12-19,Science Block,951,16.0,0.0,399.3,1618.5,22490.8,326.6
2025-12-19,Admin Block,307,16.0,0.0,241.4,979.8,9157.9,119.4
2025-12-19,Student Hostel,1500,16.0,0.0,217.0,2095.4,46523.6,661.2
2025-12-19,Central Library,610,16.0,0.0,253.9,1125.4,11649.9,183.4
2025-12-20,Engineering Block,180,16.3,0.0,436.0,892.4,11827.6,106.7
2025-12-20,Science Block,142,16.3,0.0,420.4,774.6,10291.3,100.8
2025-12-20,Admin Block,45,16.3,0.0,272.6,367.2,5054.7,40.7
2025-12-20,Student Hostel,1350,16.3,0.0,230.6,1907.0,43364.9,634.1
2025-12-20,Central Library,90,16.3,0.0,267.5,472.5,5258.8,47.9
2025-12-21,Engineering Block,180,15.1,0.0,404.9,902.6,11432.5,177.4
2025-12-21,Science Block,142,15.1,0.0,446.5,800.1,9279.4,116.9
2025-12-21,Admin Block,45,15.1,0.0,237.7,398.2,6252.3,39.5
2025-12-21,Student Hostel,1350,15.1,0.0,255.8,2001.3,43639.9,633.4
2025-12-21,Central Library,90,15.1,0.0,294.7,523.5,6115.2,71.5
2025-12-22,Engineering Block,1225,10.5,0.0,389.4,1835.3,25803.6,416.1
2025-12-22,Science Block,826,10.5,0.0,406.0,1378.4,18668.1,304.9
2025-12-22,Admin Block,270,10.5,0.0,216.4,917.6,9567.8,110.7
2025-12-22,Student Hostel,1500,10.5,0.0,268.3,2129.8,46912.2,664.9
2025-12-22,Central Library,600,10.5,0.0,212.2,1133.2,10838.1,187.6
2025-12-23,Engineering Block,1083,15.5,0.0,421.1,1707.5,24122.0,423.1
2025-12-23,Science Block,962,15.5,0.0,476.8,1519.4,22161.4,363.0
2025-12-23,Admin Block,257,15.5,0.0,254.0,827.8,8898.4,149.8
2025-12-23,Student Hostel,1500,15.5,0.0,192.2,2107.6,47574.1,693.4
2025-12-23,Central Library,512,15.5,0.0,255.6,1022.7,9949.7,142.1
2025-12-24,Engineering Block,1223,13.1,0.0,393.3,1819.2,26722.6,422.7
2025-12-24,Science Block,994,13.1,0.0,427.7,1595.8,22656.3,327.8
2025-12-24,Admin Block,276,13.1,0.0,281.7,928.5,9696.0,130.0
2025-12-24,Student Hostel,1500,13.1,0.0,292.3,2092.7,46004.4,679.0
2025-12-24,Central Library,606,13.1,0.0,241.4,1052.9,10758.6,163.6
2025-12-25,Engineering Block,1032,11.4,0.0,430.4,1657.8,23036.4,384.1
2025-12-25,Science Block,913,11.4,0.0,451.5,1444.7,21168.8,326.9
2025-12-25,Admin Block,298,11.4,0.0,236.7,970.0,9270.3,111.3
2025-12-25,Student Hostel,1500,11.4,0.0,247.3,2124.3,46337.9,653.8
2025-12-25,Central Library,549,11.4,0.0,236.1,1104.8,9460.4,141.5
2025-12-26,Engineering Block,1095,13.3,0.0,400.1,1718.2,23973.7,397.8
2025-12-26,Science Block,924,13.3,0.0,425.5,1438.8,20729.4,357.0
2025-12-26,Admin Block,265,13.3,0.0,232.0,824.0,9298.8,132.5
2025-12-26,Student Hostel,1500,13.3,0.0,272.8,2089.1,45950.5,695.2
2025-12-26,Central Library,551,13.3,0.0,225.2,1089.6,10981.7,153.7
2025-12-27,Engineering Block,180,12.8,0.0,439.0,885.1,10918.1,130.8
2025-12-27,Science Block,142,12.8,0.0,427.9,756.9,9413.8,131.5
2025-12-27,Admin Block,45,12.8,0.0,304.3,485.3,4871.4,64.0
2025-12-27,Student Hostel,1350,12.8,0.0,230.1,1995.8,43297.2,630.9
2025-12-27,Central Library,90,12.8,0.0,264.1,592.6,4588.8,23.7
2025-12-28,Engineering Block,180,12.1,0.0,437.4,891.5,11720.8,161.2
2025-12-28,Science Block,142,12.1,0.0,364.8,724.2,10194.5,96.9
2025-12-28,Admin Block,45,12.1,0.0,237.4,468.7,3706.7,40.3
2025-12-28,Student Hostel,1350,12.1,0.0,302.8,1972.7,44364.2,609.8
2025-12-28,Central Library,90,12.1,0.0,234.8,544.6,4871.4,52.1
2025-12-29,Engineering Block,1065,14.2,0.0,480.0,1676.2,24683.0,397.0
2025-12-29,Science Block,941,14.2,0.0,383.1,1546.8,21440.6,328.2
2025-12-29,Admin Block,289,14.2,0.0,278.9,866.1,10091.1,127.7
2025-12-29,Student Hostel,1500,14.2,0.0,275.9,2134.7,46523.1,683.4
2025-12-29,Central Library,522,14.2,0.0,254.0,991.7,10073.6,165.4
2025-12-30,Engineering Block,1187,10.6,0.0,478.8,1860.6,24866.6,439.0
2025-12-30,Science Block,910,10.6,0.0,418.2,1439.0,20612.5,333.2
2025-12-30,Admin Block,312,10.6,0.0,266.5,880.3,9674.1,122.9
2025-12-30,Student Hostel,1500,10.6,0.0,226.1,2027.0,47268.1,705.6
2025-12-30,Central Library,595,10.6,0.0,248.2,1117.9,10665.7,176.5
2025-12-31,Engineering Block,1241,14.8,0.0,473.0,1892.6,27276.6,484.5
2025-12-31,Science Block,964,14.8,0.0,429.0,1539.5,21356.2,344.8
2025-12-31,Admin Block,307,14.8,0.0,289.7,871.4,9699.4,153.3
2025-12-31,Student Hostel,1500,14.8,0.0,301.9,2092.4,47533.8,667.6
2025-12-31,Central Library,618,14.8,0.0,263.0,1072.7,11527.0,162.4
2026-01-01,Engineering Block,451,15.9,0.0,446.4,1206.4,16231.1,236.0
2026-01-01,Science Block,336,15.9,0.0,458.5,922.1,12113.4,126.7
2026-01-01,Admin Block,114,15.9,0.0,244.1,572.2,7246.4,93.7
2026-01-01,Student Hostel,1500,15.9,0.0,227.4,2086.1,48056.1,722.4
2026-01-01,Central Library,209,15.9,0.0,262.9,650.8,7148.5,53.7
2026-01-02,Engineering Block,421,12.4,0.0,409.3,1208.9,14888.9,206.7
2026-01-02,Science Block,347,12.4,0.0,443.1,971.6,12181.1,182.1
2026-01-02,Admin Block,106,12.4,0.0,236.3,548.9,6173.6,78.4
2026-01-02,Student Hostel,1500,12.4,0.0,253.5,2079.4,46037.8,692.3
2026-01-02,Central Library,229,12.4,0.0,255.2,748.4,7891.5,83.7
2026-01-03,Engineering Block,72,12.1,0.0,414.8,792.1,10098.7,97.1
2026-01-03,Science Block,57,12.1,0.0,428.5,696.8,7274.6,71.7
2026-01-03,Admin Block,18,12.1,0.0,252.2,449.7,4075.9,32.0
2026-01-03,Student Hostel,1350,12.1,0.0,279.8,1954.6,43161.8,650.0
2026-01-03,Central Library,36,12.1,0.0,232.5,435.6,3864.2,88.9
2026-01-04,Engineering Block,72,15.0,0.0,430.0,794.1,10223.0,125.7
2026-01-04,Science Block,57,15.0,0.0,495.2,687.4,8145.3,87.7
2026-01-04,Admin Block,18,15.0,0.0,239.9,390.4,3998.9,10.0
2026-01-04,Student Hostel,1350,15.0,0.0,280.6,2008.2,43463.3,623.6
2026-01-04,Central Library,36,15.0,0.0,226.1,459.3,5384.8,42.6
2026-01-05,Engineering Block,428,12.7,0.0,445.6,1203.6,14353.0,183.0
2026-01-05,Science Block,364,12.7,0.0,398.1,985.5,12676.4,182.1
2026-01-05,Admin Block,117,12.7,0.0,269.4,532.1,6119.8,67.8
2026-01-05,Student Hostel,1500,12.7,0.0,261.6,2128.7,46210.6,678.8
2026-01-05,Central Library,237,12.7,0.0,238.0,676.8,6987.9,69.8
2026-01-06,Engineering Block,426,11.2,0.0,447.8,1065.9,14719.2,217.8
2026-01-06,Science Block,393,11.2,0.0,413.4,979.6,11836.7,182.5
2026-01-06,Admin Block,102,11.2,0.0,234.3,620.8,6078.0,76.0
2026-01-06,Student Hostel,1500,11.2,0.0,234.9,2115.5,47276.6,700.1
2026-01-06,Central Library,243,11.2,0.0,226.8,699.8,6499.5,58.7
2026-01-07,Engineering Block,422,12.4,0.0,393.1,1121.1,14949.7,221.5
2026-01-07,Science Block,397,12.4,0.0,483.3,935.4,12907.7,173.2
2026-01-07,Admin Block,120,12.4,0.0,229.4,612.3,6294.7,76.0
2026-01-07,Student Hostel,1500,12.4,0.0,277.4,2080.5,46928.0,714.7
2026-01-07,Central Library,249,12.4,0.0,303.1,646.0,7245.5,91.4
2026-01-08,Engineering Block,422,13.4,0.0,454.7,1143.9,14002.0,190.1
2026-01-08,Science Block,395,13.4,0.0,466.5,937.2,12595.6,195.6
2026-01-08,Admin Block,106,13.4,0.0,233.0,573.3,6476.1,85.6
2026-01-08,Student Hostel,1500,13.4,0.0,234.9,2124.5,46726.6,661.8
2026-01-08,Central Library,205,13.4,0.0,257.9,668.9,6188.1,76.4
2026-01-09,Engineering Block,501,13.7,0.0,431.6,1197.4,15077.6,251.1
2026-01-09,Science Block,325,13.7,0.0,424.7,890.8,12495.6,127.9
2026-01-09,Admin Block,111,13.7,0.0,287.4,554.1,5694.4,63.0
2026-01-09,Student Hostel,1500,13.7,0.0,259.3,2092.8,46424.0,666.4
2026-01-09,Central Library,209,13.7,0.0,254.3,654.8,7246.9,94.1
2026-01-10,Engineering Block,72,15.1,0.0,396.2,812.3,10025.0,121.3
2026-01-10,Science Block,57,15.1,0.0,412.1,613.0,7759.9,106.4
2026-01-10,Admin Block,18,15.1,0.0,221.9,440.5,5157.6,34.5
2026-01-10,Student Hostel,1350,15.1,0.0,242.9,1976.9,43648.8,626.2
2026-01-10,Central Library,36,15.1,0.0,261.2,461.2,5615.8,62.0
2026-01-11,Engineering Block,72,19.6,0.1,462.5,839.7,10112.2,71.9
2026-01-11,Science Block,57,19.6,0.0,470.0,663.6,9110.9,93.8
2026-01-11,Admin Block,18,19.6,0.2,251.1,362.3,5442.4,40.0
2026-01-11,Student Hostel,1350,19.6,1.0,281.7,2081.4,43634.6,612.2
2026-01-11,Central Library,36,19.6,0.1,221.4,515.2,5544.8,22.6
2026-01-12,Engineering Block,480,15.5,0.0,435.1,1214.1,15962.3,194.3
2026-01-12,Science Block,329,15.5,0.0,407.4,922.8,12362.4,182.6
2026-01-12,Admin Block,123,15.5,0.0,271.6,574.0,6008.9,71.6
2026-01-12,Student Hostel,1500,15.5,0.0,301.8,2098.0,46288.5,681.3
2026-01-12,Central Library,251,15.5,0.0,232.5,708.3,7425.6,76.9
2026-01-13,Engineering Block,496,14.5,0.0,462.6,1192.6,16335.0,211.4
2026-01-13,Science Block,380,14.5,0.0,448.6,975.8,12434.5,226.6
2026-01-13,Admin Block,111,14.5,0.0,261.4,523.5,6647.7,91.0
2026-01-13,Student Hostel,1500,14.5,0.0,240.8,2112.6,46685.4,683.2
2026-01-13,Central Library,218,14.5,0.0,234.8,672.8,6213.4,90.9
2026-01-14,Engineering Block,501,15.1,0.0,432.6,1216.1,15981.8,209.6
2026-01-14,Science Block,340,15.1,0.0,440.4,1562.9,12070.1,179.4
2026-01-14,Admin Block,118,15.1,0.0,282.8,599.2,6720.1,67.1
2026-01-14,Student Hostel,1500,15.1,0.0,208.4,2036.6,47781.7,662.3
2026-01-14,Central Library,214,15.1,0.0,261.7,682.8,8042.5,129.0
2026-01-15,Engineering Block,483,11.3,0.0,403.1,1172.6,15414.7,228.2
2026-01-15,Science Block,371,11.3,0.0,427.4,1010.7,12613.3,207.5
2026-01-15,Admin Block,113,11.3,0.0,233.7,575.3,5984.2,45.1
2026-01-15,Student Hostel,1500,11.3,0.0,202.8,2055.7,46735.8,676.3
2026-01-15,Central Library,241,11.3,0.0,242.6,724.6,6981.1,88.8
2026-01-16,Engineering Block,487,12.8,0.0,412.1,1207.6,15873.6,244.8
2026-01-16,Science Block,363,12.8,0.0,425.5,903.6,11614.8,193.4
2026-01-16,Admin Block,119,12.8,0.0,276.1,596.8,5897.0,43.2
2026-01-16,Student Hostel,1500,12.8,0.0,269.6,2098.7,46814.2,662.3
2026-01-16,Central Library,207,12.8,0.0,213.6,685.2,6537.2,63.1
2026-01-17,Engineering Block,72,13.1,0.0,445.4,824.1,9653.0,132.0
2026-01-17,Science Block,57,13.1,0.0,473.0,726.0,8957.0,109.7
2026-01-17,Admin Block,18,13.1,0.0,232.9,452.4,3707.0,26.9
2026-01-17,Student Hostel,1350,13.1,0.0,226.8,2033.0,43820.2,628.8
2026-01-17,Central Library,36,13.1,0.0,255.1,471.7,4766.7,35.3
2026-01-18,Engineering Block,72,15.0,0.0,442.9,830.4,9873.5,120.3
2026-01-18,Science Block,57,15.0,0.0,433.1,662.9,7886.7,58.8
2026-01-18,Admin Block,18,15.0,0.0,247.5,437.7,5373.7,26.3
2026-01-18,Student Hostel,1350,15.0,0.0,256.9,1972.3,44018.9,620.1
2026-01-18,Central Library,36,15.0,0.0,250.1,481.2,5194.4,45.8
2026-01-19,Engineering Block,491,15.1,0.0,418.8,1247.4,15846.6,218.5
2026-01-19,Science Block,360,15.1,0.0,427.1,912.2,13486.8,177.2
2026-01-19,Admin Block,115,15.1,0.0,243.4,537.3,5768.2,99.7
2026-01-19,Student Hostel,1500,15.1,0.0,199.1,2082.5,46797.3,665.4
2026-01-19,Central Library,228,15.1,0.0,263.5,737.1,6969.5,104.7
2026-01-20,Engineering Block,410,15.2,0.0,451.7,1095.6,14287.2,201.1
2026-01-20,Science Block,384,15.2,0.0,444.5,993.2,12956.2,177.4
2026-01-20,Admin Block,118,15.2,0.0,206.2,599.2,6114.4,55.8
2026-01-20,Student Hostel,1500,15.2,0.0,230.4,2099.4,47422.1,682.4
2026-01-20,Central Library,220,15.2,0.0,268.9,671.5,6329.1,65.5
2026-01-21,Engineering Block,496,16.1,0.0,404.6,1163.6,15494.6,186.2
2026-01-21,Science Block,331,16.1,0.0,449.0,1531.4,12939.5,163.8
2026-01-21,Admin Block,119,16.1,0.0,275.0,607.1,5868.1,34.6
2026-01-21,Student Hostel,1500,16.1,0.0,248.6,2150.1,46892.8,684.6
2026-01-21,Central Library,210,16.1,0.0,320.6,630.5,7336.0,81.9
2026-01-22,Engineering Block,492,17.4,0.3,433.1,1222.9,16400.6,185.8
2026-01-22,Science Block,375,17.4,0.0,460.6,1013.4,13428.8,171.1
2026-01-22,Admin Block,111,17.4,0.0,242.0,609.5,6805.3,71.0
2026-01-22,Student Hostel,1500,17.4,0.2,261.9,2063.9,46033.9,672.9
2026-01-22,Central Library,213,17.4,0.0,219.7,632.4,6176.1,75.1
2026-01-23,Engineering Block,503,10.6,0.0,374.8,1179.1,14796.2,214.9
2026-01-23,Science Block,377,10.6,0.0,417.8,985.0,11921.4,200.8
2026-01-23,Admin Block,110,10.6,0.0,238.7,529.0,5548.1,92.6
2026-01-23,Student Hostel,1500,10.6,0.0,193.6,2172.2,46302.7,669.9
2026-01-23,Central Library,246,10.6,0.0,189.9,760.2,7183.3,102.3
2026-01-24,Engineering Block,72,16.6,0.0,426.7,755.3,10015.8,81.8
2026-01-24,Science Block,57,16.6,0.0,489.7,682.3,9022.3,83.2
2026-01-24,Admin Block,18,16.6,0.0,207.8,462.5,4670.0,10.0
2026-01-24,Student Hostel,1350,16.6,0.0,284.7,2017.8,43804.6,613.3
2026-01-24,Central Library,36,16.6,0.0,247.8,533.3,4950.0,49.5
2026-01-25,Engineering Block,72,11.7,0.0,437.0,777.6,10173.3,95.7
2026-01-25,Science Block,57,11.7,0.0,409.3,691.6,8075.3,75.8
2026-01-25,Admin Block,18,11.7,0.0,272.6,337.0,4214.9,35.3
2026-01-25,Student Hostel,1350,11.7,0.0,256.6,1986.2,44354.5,644.9
2026-01-25,Central Library,36,11.7,0.0,260.0,440.7,5406.9,63.5
2026-01-26,Engineering Block,425,15.0,0.0,439.5,1158.0,15127.3,188.3
2026-01-26,Science Block,353,15.0,0.0,448.1,936.7,13201.9,147.6
2026-01-26,Admin Block,113,15.0,0.0,267.5,616.1,6582.5,68.5
2026-01-26,Student Hostel,1500,15.0,0.0,258.7,2122.1,46423.2,702.4
2026-01-26,Central Library,233,15.0,0.0,275.1,737.1,7137.1,112.3
2026-01-27,Engineering Block,494,14.6,0.0,425.5,1193.9,15753.9,194.4
2026-01-27,Science Block,357,14.6,0.0,439.4,1051.8,13160.1,173.7
2026-01-27,Admin Block,122,14.6,0.0,249.1,596.1,7245.5,99.6
2026-01-27,Student Hostel,1500,14.6,0.0,224.4,2114.1,45999.8,686.4
2026-01-27,Central Library,248,14.6,0.0,283.8,727.2,7169.3,75.8
2026-01-28,Engineering Block,435,13.7,0.0,446.4,1158.8,15130.5,212.6
2026-01-28,Science Block,323,13.7,0.0,459.5,945.1,11123.8,171.6
2026-01-28,Admin Block,110,13.7,0.0,254.5,584.9,5914.4,57.1
2026-01-28,Student Hostel,1500,13.7,0.0,197.7,2136.9,47274.1,662.2
2026-01-28,Central Library,221,13.7,0.0,239.8,726.1,7028.6,83.5
2026-01-29,Engineering Block,453,13.3,0.0,406.0,1146.5,15502.7,216.6
2026-01-29,Science Block,350,13.3,0.0,478.1,907.2,12657.7,161.8
2026-01-29,Admin Block,115,13.3,0.0,169.9,620.0,5996.3,81.2
2026-01-29,Student Hostel,1500,13.3,0.0,259.4,2133.2,46257.7,675.2
2026-01-29,Central Library,210,13.3,0.0,258.0,672.3,6835.8,77.9
2026-01-30,Engineering Block,492,13.8,0.0,430.7,1256.6,15277.1,229.6
2026-01-30,Science Block,359,13.8,0.0,458.7,915.2,13128.6,174.3
2026-01-30,Admin Block,105,13.8,0.0,237.1,569.7,5982.2,90.4
2026-01-30,Student Hostel,1500,13.8,0.0,247.8,2101.4,45699.4,682.2
2026-01-30,Central Library,206,13.8,0.0,269.6,709.5,6166.4,66.0
2026-01-31,Engineering Block,72,9.9,0.0,378.2,763.0,9393.7,94.8
2026-01-31,Science Block,57,9.9,0.0,445.2,630.3,7867.0,73.8
2026-01-31,Admin Block,18,9.9,0.0,245.6,364.2,4174.2,36.0
2026-01-31,Student Hostel,1350,9.9,0.0,263.6,2013.7,42696.9,638.8
2026-01-31,Central Library,36,9.9,0.0,260.2,464.8,4002.8,41.1
2026-02-01,Engineering Block,180,28.8,0.6,479.9,982.4,12623.2,156.2
2026-02-01,Science Block,142,28.8,0.7,473.7,755.1,11101.2,92.4
2026-02-01,Admin Block,45,28.8,0.7,284.8,478.2,6497.3,42.8
2026-02-01,Student Hostel,1350,28.8,3.3,303.8,2159.1,46308.7,610.3
2026-02-01,Central Library,90,28.8,0.6,274.0,597.4,6766.8,56.0
2026-02-02,Engineering Block,1178,28.6,3.4,499.3,2038.7,27178.8,399.0
2026-02-02,Science Block,876,28.6,3.2,469.4,1713.6,21602.6,313.4
2026-02-02,Admin Block,307,28.6,3.3,295.0,1207.9,11930.7,132.8
2026-02-02,Student Hostel,1500,28.6,3.2,283.7,2348.3,48347.8,703.1
2026-02-02,Central Library,527,28.6,3.3,281.9,2187.9,12684.0,114.9
2026-02-03,Engineering Block,1129,31.2,5.3,466.4,2104.6,26550.1,402.0
2026-02-03,Science Block,888,31.2,5.3,497.1,1772.8,22043.6,330.8
2026-02-03,Admin Block,276,31.2,4.9,294.1,1259.5,11823.2,117.7
2026-02-03,Student Hostel,1500,31.2,4.9,277.4,2466.1,48401.3,698.1
2026-02-03,Central Library,511,31.2,4.0,263.0,1242.3,11975.9,161.7
2026-02-04,Engineering Block,1156,29.4,3.2,446.4,1996.4,27293.1,426.6
2026-02-04,Science Block,849,29.4,3.7,499.4,1642.8,20655.2,281.3
2026-02-04,Admin Block,299,29.4,3.9,281.1,1212.5,12513.8,159.5
2026-02-04,Student Hostel,1500,29.4,3.4,292.5,2339.6,48572.2,688.4
2026-02-04,Central Library,547,29.4,3.5,264.7,1248.9,12493.2,175.3
2026-02-05,Engineering Block,1197,25.4,2.1,450.2,1958.4,26688.1,414.2
2026-02-05,Science Block,900,25.4,2.5,527.7,1604.8,21776.3,300.3
2026-02-05,Admin Block,291,25.4,2.1,244.2,1027.0,10434.4,114.0
2026-02-05,Student Hostel,1500,25.4,1.9,306.5,2209.5,48516.7,676.7
2026-02-05,Central Library,582,25.4,2.2,293.4,1304.2,12526.8,169.3
2026-02-06,Engineering Block,1212,23.4,1.5,455.1,1987.0,26175.1,425.0
2026-02-06,Science Block,824,23.4,1.4,472.1,1523.7,21075.2,303.7
2026-02-06,Admin Block,306,23.4,1.8,234.5,1011.2,11915.5,101.1
2026-02-06,Student Hostel,1500,23.4,1.9,318.4,2265.2,48452.6,695.2
2026-02-06,Central Library,519,23.4,2.1,251.6,1156.4,11670.5,149.4
2026-02-07,Engineering Block,180,26.3,0.5,501.4,940.8,13094.6,116.6
2026-02-07,Science Block,142,26.3,0.6,443.8,804.1,10941.7,144.5
2026-02-07,Admin Block,45,26.3,0.4,259.0,485.0,6168.8,52.4
2026-02-07,Student Hostel,1350,26.3,2.8,282.6,2163.8,45238.1,627.6
2026-02-07,Central Library,90,26.3,0.4,237.9,588.9,14381.3,59.8
2026-02-08,Engineering Block,180,23.0,0.2,458.8,919.2,12584.1,138.6
2026-02-08,Science Block,142,23.0,0.2,498.0,707.1,10295.6,102.3
2026-02-08,Admin Block,45,23.0,0.2,285.2,480.6,5547.4,21.5
2026-02-08,Student Hostel,1350,23.0,1.4,298.4,2065.1,44837.2,599.8
2026-02-08,Central Library,90,23.0,0.3,245.5,582.8,7771.6,47.4
2026-02-09,Engineering Block,1199,22.9,1.7,442.5,1924.9,26670.6,387.4
2026-02-09,Science Block,846,22.9,1.6,467.1,1505.1,21076.7,295.6
2026-02-09,Admin Block,277,22.9,1.3,283.1,964.9,10601.2,125.0
2026-02-09,Student Hostel,1500,22.9,1.8,259.6,2231.7,46943.2,675.7
2026-02-09,Central Library,511,22.9,1.2,288.1,1043.7,11488.2,122.5
2026-02-10,Engineering Block,1131,27.1,2.6,540.6,1982.3,27191.6,376.2
2026-02-10,Science Block,817,27.1,2.7,455.4,1601.7,20232.6,312.0
2026-02-10,Admin Block,285,27.1,2.7,325.7,1040.9,10717.1,136.8
2026-02-10,Student Hostel,1500,27.1,3.2,318.8,2402.1,48731.3,702.5
2026-02-10,Central Library,512,27.1,2.4,274.1,1159.2,11052.2,177.5
2026-02-11,Engineering Block,1032,24.5,2.0,458.9,1851.7,24966.8,373.4
2026-02-11,Science Block,955,24.5,2.2,466.3,1656.4,22444.4,357.6
2026-02-11,Admin Block,294,24.5,1.9,263.9,1028.9,10649.1,144.9
2026-02-11,Student Hostel,1500,24.5,1.8,268.3,2208.9,48030.1,691.3
2026-02-11,Central Library,578,24.5,1.9,269.2,1208.9,11944.9,173.5
2026-02-12,Engineering Block,1020,31.6,3.8,500.3,1909.3,25090.1,370.4
2026-02-12,Science Block,993,31.6,5.5,477.7,1920.3,22885.9,362.3
2026-02-12,Admin Block,313,31.6,5.3,301.1,1282.4,11276.9,131.6
2026-02-12,Student Hostel,1500,31.6,4.3,266.9,2342.7,48322.8,650.3
2026-02-12,Central Library,591,,5.2,285.8,1403.3,13414.0,160.4
2026-02-13,Engineering Block,1253,28.0,3.5,478.6,2171.4,28320.4,433.4
2026-02-13,Science Block,912,28.0,3.3,533.0,1715.9,23554.5,334.1
2026-02-13,Admin Block,287,28.0,2.9,291.0,1083.8,10800.7,144.7
2026-02-13,Student Hostel,1500,28.0,3.0,288.9,2306.7,48279.5,694.8
2026-02-13,Central Library,607,28.0,2.7,264.5,1275.5,12967.4,191.6
2026-02-14,Engineering Block,180,27.2,0.6,420.4,950.0,12550.9,124.7
2026-02-14,Science Block,142,27.2,0.5,471.8,763.8,11401.9,122.3
2026-02-14,Admin Block,45,27.2,0.5,318.6,514.1,7207.5,46.0
2026-02-14,Student Hostel,1350,27.2,2.4,324.5,3494.9,44186.7,580.9
2026-02-14,Central Library,90,27.2,0.5,303.6,568.1,6743.3,26.6
2026-02-15,Engineering Block,180,25.4,0.5,473.4,934.2,12891.4,159.2
2026-02-15,Science Block,142,25.4,0.5,474.0,784.9,11230.8,117.4
2026-02-15,Admin Block,45,25.4,0.5,275.4,451.3,5963.7,43.4
2026-02-15,Student Hostel,1350,25.4,2.3,284.8,2120.3,45614.7,645.8
2026-02-15,Central Library,90,25.4,0.5,295.3,638.6,7090.9,46.5
2026-02-16,Engineering Block,1106,21.7,1.1,451.9,1887.3,24552.1,412.7
2026-02-16,Science Block,994,21.7,0.9,453.9,1644.3,22917.0,361.2
2026-02-16,Admin Block,290,21.7,0.7,289.0,971.5,10733.1,142.0
2026-02-16,Student Hostel,1500,21.7,1.3,232.8,2157.9,47369.1,683.6
2026-02-16,Central Library,623,21.7,1.2,217.6,1160.3,12501.7,205.3
2026-02-17,Engineering Block,1035,26.9,2.2,495.8,1857.3,24625.9,347.7
2026-02-17,Science Block,883,26.9,2.9,482.8,1635.9,22004.6,339.3
2026-02-17,Admin Block,273,26.9,3.1,273.7,1023.8,22287.9,148.1
2026-02-17,Student Hostel,1500,26.9,2.7,271.8,2295.3,48207.3,681.5
2026-02-17,Central Library,624,26.9,3.1,,1322.2,12492.0,166.7
2026-02-18,Engineering Block,1212,23.1,1.4,496.5,1952.8,27206.1,404.4
2026-02-18,Science Block,870,23.1,1.7,465.3,1513.0,20102.3,310.0
2026-02-18,Admin Block,291,23.1,1.6,214.7,1042.9,10985.3,118.1
2026-02-18,Student Hostel,1500,23.1,1.6,230.1,2189.8,48204.2,684.5
2026-02-18,Central Library,585,23.1,1.8,220.2,1212.2,13108.0,159.3
2026-02-19,Engineering Block,1161,26.3,2.4,501.5,1954.9,27312.0,414.3
2026-02-19,Science Block,855,26.3,2.3,533.7,1569.2,21274.7,295.8
2026-02-19,Admin Block,280,26.3,2.9,285.7,1082.2,10610.3,114.9
2026-02-19,Student Hostel,1500,26.3,2.5,270.4,2322.0,47894.9,671.6
2026-02-19,Central Library,516,26.3,3.0,309.6,1214.5,12443.0,169.7
2026-02-20,Engineering Block,1257,27.2,2.8,468.5,2123.8,28301.7,462.1
2026-02-20,Science Block,930,27.2,3.2,496.4,1711.6,22480.9,320.5
2026-02-20,Admin Block,295,27.2,2.7,293.9,1073.7,11490.9,145.2
2026-02-20,Student Hostel,1500,27.2,2.6,249.4,2257.4,49559.1,701.4
2026-02-20,Central Library,612,27.2,2.3,282.7,1323.8,13232.2,141.4
2026-02-21,Engineering Block,180,28.1,0.5,504.7,945.1,12226.9,153.6
2026-02-21,Science Block,142,28.1,0.6,512.5,837.3,11710.2,99.9
2026-02-21,Admin Block,45,28.1,0.7,292.3,484.4,5606.6,74.9
2026-02-21,Student Hostel,1350,28.1,3.5,273.7,2218.3,45611.8,621.2
2026-02-21,Central Library,90,28.1,0.7,266.6,586.0,6754.7,34.4
2026-02-22,Engineering Block,180,28.7,0.6,,940.5,13240.1,145.8
2026-02-22,Science Block,142,28.7,0.7,488.9,777.3,11699.7,108.2
2026-02-22,Admin Block,45,28.7,0.7,240.3,498.4,6220.3,61.6
2026-02-22,Student Hostel,1350,28.7,2.8,281.1,2156.9,44382.3,667.7
2026-02-22,Central Library,90,28.7,0.7,242.0,618.3,8268.5,50.8
2026-02-23,Engineering Block,1154,27.9,2.6,458.0,2004.0,27154.2,404.8
2026-02-23,Science Block,926,27.9,2.5,463.5,1675.3,22131.1,339.8
2026-02-23,Admin Block,306,27.9,2.5,262.6,1066.5,12898.8,141.5
2026-02-23,Student Hostel,1500,27.9,2.6,305.8,2249.7,48783.2,673.0
2026-02-23,Central Library,547,27.9,2.8,279.5,1321.4,12461.4,158.6
2026-02-24,Engineering Block,1243,21.1,1.0,474.3,1928.6,27465.3,440.1
2026-02-24,Science Block,976,21.1,0.6,470.7,1645.3,22456.5,361.9
2026-02-24,Admin Block,288,21.1,1.0,295.4,913.5,9877.2,128.4
2026-02-24,Student Hostel,1500,21.1,0.7,246.5,2136.0,48193.1,661.6
2026-02-24,Central Library,620,21.1,0.9,255.6,1157.6,12435.3,187.0
2026-02-25,Engineering Block,1134,25.0,2.1,468.7,1897.8,26561.2,382.2
2026-02-25,Science Block,958,25.0,1.7,457.7,1663.4,23250.4,359.4
2026-02-25,Admin Block,256,25.0,1.8,248.8,950.5,10064.2,137.7
2026-02-25,Student Hostel,1500,25.0,2.6,252.5,2311.6,48020.2,688.6
2026-02-25,Central Library,532,25.0,2.1,233.4,1184.7,11877.4,171.6
2026-02-26,Engineering Block,1102,28.9,3.2,443.6,1926.4,26016.0,406.0
2026-02-26,Science Block,831,28.9,3.2,472.3,1581.0,21765.8,303.4
2026-02-26,Admin Block,270,28.9,2.9,297.9,1099.5,11640.9,147.2
2026-02-26,Student Hostel,1500,28.9,2.8,324.9,2281.3,48378.8,652.9
2026-02-26,Central Library,536,28.9,3.7,251.2,2058.0,12068.2,131.5
2026-02-27,Engineering Block,1193,26.4,2.8,493.8,2047.4,26756.2,403.6
2026-02-27,Science Block,891,26.4,2.2,448.5,1591.3,21575.7,347.7
2026-02-27,Admin Block,294,26.4,2.5,242.1,1108.5,11098.8,128.4
2026-02-27,Student Hostel,1500,26.4,2.8,284.1,2311.2,47449.7,682.5
2026-02-27,Central Library,544,26.4,2.3,289.7,1214.9,12820.2,167.2
2026-02-28,Engineering Block,180,25.1,0.4,469.5,956.1,13035.0,168.7
2026-02-28,Science Block,142,25.1,0.5,471.9,817.0,10661.8,112.5
2026-02-28,Admin Block,45,25.1,0.5,220.3,551.4,5654.0,36.6
2026-02-28,Student Hostel,1350,25.1,1.9,262.0,2117.0,45671.3,646.4
2026-02-28,Central Library,90,25.1,0.4,267.8,572.2,7088.9,55.3
2026-03-01,Engineering Block,180,26.0,0.6,497.5,1008.1,12428.7,170.5
2026-03-01,Science Block,142,26.0,0.5,453.0,780.1,11011.7,95.9
2026-03-01,Admin Block,45,26.0,0.5,311.0,481.6,6429.8,56.8
2026-03-01,Student Hostel,1350,26.0,2.7,290.7,2149.0,45873.5,607.1
2026-03-01,Central Library,90,26.0,0.6,250.3,547.8,6780.3,30.8
2026-03-02,Engineering Block,1097,22.3,1.6,438.5,1905.8,24676.2,387.2
2026-03-02,Science Block,914,22.3,1.5,507.1,1628.3,21781.6,365.7
2026-03-02,Admin Block,279,22.3,1.8,303.0,1023.0,11021.7,129.5
2026-03-02,Student Hostel,1500,22.3,1.5,271.3,2213.0,47630.6,720.2
2026-03-02,Central Library,628,22.3,1.4,309.8,1175.6,13440.8,209.6
2026-03-03,Engineering Block,1163,27.6,3.1,495.4,2041.9,26661.9,408.0
2026-03-03,Science Block,951,27.6,3.1,499.8,1759.1,22572.7,351.1
2026-03-03,Admin Block,261,27.6,2.9,230.6,1042.7,23971.7,153.1
2026-03-03,Student Hostel,1500,27.6,2.9,264.0,2317.9,49015.4,656.0
2026-03-03,Central Library,533,27.6,3.2,264.6,1235.5,12221.9,169.5
2026-03-04,Engineering Block,1090,24.5,1.5,440.1,1861.7,26199.8,395.1
2026-03-04,Science Block,877,24.5,2.2,476.4,1526.8,20699.3,330.6
2026-03-04,Admin Block,264,24.5,1.8,277.1,980.0,10897.8,157.6
2026-03-04,Student Hostel,1500,24.5,1.5,279.3,2208.9,47480.3,689.8
2026-03-04,Central Library,529,24.5,2.2,262.2,1095.2,10608.6,155.7
2026-03-05,Engineering Block,1099,29.2,3.3,483.1,1993.6,25502.0,396.0
2026-03-05,Science Block,840,29.2,3.7,517.6,1626.4,21573.8,337.4
2026-03-05,Admin Block,305,29.2,3.1,264.2,1114.0,12627.8,161.9
2026-03-05,Student Hostel,1500,29.2,3.7,302.1,2348.6,48622.9,645.3
2026-03-05,Central Library,577,29.2,3.3,273.9,1256.9,12113.7,185.2
2026-03-06,Engineering Block,1230,26.5,2.8,481.2,2071.2,27996.7,410.9
2026-03-06,Science Block,909,26.5,2.1,469.8,1615.6,22059.9,351.2
2026-03-06,Admin Block,257,26.5,2.5,285.5,988.2,10762.3,97.2
2026-03-06,Student Hostel,1500,26.5,2.2,253.8,2256.0,48043.7,674.5
2026-03-06,Central Library,565,26.5,2.7,301.0,1235.9,12370.0,172.2
2026-03-07,Engineering Block,180,25.7,0.5,472.9,969.3,12887.6,142.9
2026-03-07,Science Block,142,25.7,0.4,446.6,802.5,12132.7,113.5
2026-03-07,Admin Block,45,25.7,0.4,246.1,490.4,5597.2,34.5
2026-03-07,Student Hostel,1350,25.7,2.1,203.3,2081.2,44148.5,621.9
2026-03-07,Central Library,90,25.7,0.4,296.7,546.0,6851.2,43.3
2026-03-08,Engineering Block,180,25.5,0.5,478.5,919.1,12966.0,121.1
2026-03-08,Science Block,142,25.5,0.4,471.7,777.7,10851.7,110.5
2026-03-08,Admin Block,45,25.5,0.4,274.8,503.0,6123.3,58.4
2026-03-08,Student Hostel,1350,25.5,2.3,251.1,2116.8,44571.7,620.5
2026-03-08,Central Library,90,25.5,0.4,279.2,595.5,6655.0,43.0
2026-03-09,Engineering Block,1030,26.5,2.8,457.0,1866.6,24684.0,342.5
2026-03-09,Science Block,913,26.5,2.7,507.0,1662.0,22066.4,301.7
2026-03-09,Admin Block,310,26.5,2.2,233.7,1107.7,11736.2,156.8
2026-03-09,Student Hostel,1500,26.5,2.9,295.6,2320.2,48628.3,705.2
2026-03-09,Central Library,541,26.5,2.9,279.4,1261.2,13119.8,185.5
2026-03-10,Engineering Block,1110,24.7,2.3,464.9,1914.7,25682.0,405.4
2026-03-10,Science Block,939,24.7,2.1,469.6,1667.3,21648.0,325.5
2026-03-10,Admin Block,279,24.7,1.7,275.5,1029.2,10672.3,115.4
2026-03-10,Student Hostel,1500,24.7,2.0,279.2,2259.4,48000.6,672.7
2026-03-10,Central Library,608,24.7,1.8,299.0,1222.6,12050.7,205.8
2026-03-11,Engineering Block,1116,26.5,2.3,475.2,1908.2,25608.0,384.3
2026-03-11,Science Block,980,26.5,2.1,541.6,1715.3,23367.4,346.0
2026-03-11,Admin Block,289,26.5,2.9,298.7,1011.0,11143.3,134.0
2026-03-11,Student Hostel,1500,26.5,2.6,254.5,2247.1,48178.1,656.3
2026-03-11,Central Library,565,26.5,2.9,336.7,1300.5,12589.7,169.4
2026-03-12,Engineering Block,1224,25.2,1.9,490.6,1984.4,27414.2,410.1
2026-03-12,Science Block,856,25.2,2.0,469.4,1526.3,21228.6,323.0
2026-03-12,Admin Block,260,25.2,2.3,236.0,988.0,10617.4,103.4
2026-03-12,Student Hostel,1500,25.2,1.9,246.0,2196.2,48136.2,691.9
2026-03-12,Central Library,548,25.2,1.9,311.7,1120.8,11747.8,123.3
2026-03-13,Engineering Block,1202,23.7,1.5,450.9,1919.5,27228.7,401.5
2026-03-13,Science Block,971,23.7,2.1,487.5,1699.6,22676.7,350.6
2026-03-13,Admin Block,261,23.7,2.0,272.0,992.9,10474.8,137.6
2026-03-13,Student Hostel,1500,23.7,1.6,263.6,2150.3,47979.0,669.5
2026-03-13,Central Library,524,23.7,1.9,340.1,1137.9,11525.6,165.7
2026-03-14,Engineering Block,180,28.3,0.7,493.3,961.0,13044.0,140.8
2026-03-14,Science Block,142,28.3,0.6,490.4,755.3,10946.6,105.7
2026-03-14,Admin Block,45,28.3,0.6,299.7,450.2,6737.9,26.4
2026-03-14,Student Hostel,1350,28.3,3.3,314.1,2171.3,45050.8,625.3
2026-03-14,Central Library,90,28.3,0.6,272.7,585.6,7948.7,46.4
2026-03-15,Engineering Block,180,25.2,0.4,504.9,931.3,11803.5,137.3
2026-03-15,Science Block,142,25.2,0.4,453.4,741.2,11247.8,135.3
2026-03-15,Admin Block,45,25.2,0.4,286.5,518.9,6975.0,56.2
2026-03-15,Student Hostel,1350,25.2,2.7,279.7,2126.1,44831.2,631.4
2026-03-15,Central Library,90,25.2,0.5,268.3,591.4,6920.8,44.9
2026-03-16,Engineering Block,1043,29.7,3.2,503.3,1986.9,24811.0,402.4
2026-03-16,Science Block,842,29.7,3.6,444.6,1656.9,20946.2,319.7
2026-03-16,Admin Block,292,29.7,4.0,295.5,1140.5,11857.6,135.1
2026-03-16,Student Hostel,1500,29.7,3.6,305.1,2236.3,48650.5,663.8
2026-03-16,Central Library,613,29.7,3.9,282.8,1325.6,12925.7,190.1
2026-03-17,Engineering Block,1044,25.0,2.0,466.5,1833.8,24735.3,319.7
2026-03-17,Science Block,917,25.0,1.7,471.3,1588.5,22671.6,326.4
2026-03-17,Admin Block,270,25.0,2.4,248.2,982.7,11018.8,146.5
2026-03-17,Student Hostel,1500,25.0,2.2,265.8,2268.2,47057.2,692.5
2026-03-17,Central Library,601,25.0,2.3,243.6,1224.2,11756.6,198.8
2026-03-18,Engineering Block,1054,27.6,3.2,453.6,1899.9,25023.8,375.1
2026-03-18,Science Block,863,27.6,3.2,509.5,1615.4,21827.2,281.0
2026-03-18,Admin Block,308,27.6,2.5,304.8,1044.2,11820.2,174.0
2026-03-18,Student Hostel,1500,27.6,2.8,222.2,2247.2,48968.7,688.5
2026-03-18,Central Library,576,27.6,2.5,263.1,1207.3,11640.3,193.2
2026-03-19,Engineering Block,1154,26.8,3.1,497.3,2016.2,27259.8,386.8
2026-03-19,Science Block,931,26.8,3.0,435.3,1646.0,22350.9,367.6
2026-03-19,Admin Block,272,26.8,2.1,284.0,985.1,11305.5,168.1
2026-03-19,Student Hostel,1500,26.8,2.7,272.7,2267.6,48265.6,683.9
2026-03-19,Central Library,601,26.8,2.7,254.0,1308.4,13319.0,158.1
2026-03-20,Engineering Block,1102,25.0,2.2,490.5,1891.7,24796.5,380.4
2026-03-20,Science Block,965,25.0,2.5,479.7,1634.0,22543.5,359.4
2026-03-20,Admin Block,262,25.0,2.4,279.3,971.7,10871.7,145.2
2026-03-20,Student Hostel,1500,25.0,2.4,267.7,2330.2,48577.6,653.1
2026-03-20,Central Library,600,25.0,1.6,260.2,1167.8,11622.4,156.9
2026-03-21,Engineering Block,180,27.2,0.6,483.2,927.6,13202.7,143.0
2026-03-21,Science Block,142,27.2,0.6,515.6,787.3,11059.7,104.5
2026-03-21,Admin Block,45,27.2,0.6,285.8,533.0,6925.0,44.3
2026-03-21,Student Hostel,1350,27.2,2.7,271.5,2171.3,45746.2,608.7
2026-03-21,Central Library,90,27.2,0.5,266.4,606.6,7746.6,57.0
2026-03-22,Engineering Block,180,26.5,0.5,461.7,949.0,13314.3,158.7
2026-03-22,Science Block,142,26.5,0.4,439.8,810.7,10758.2,87.5
2026-03-22,Admin Block,45,26.5,0.5,320.8,522.1,6354.7,11.6
2026-03-22,Student Hostel,1350,26.5,3.0,310.4,2163.9,45199.4,622.8
2026-03-22,Central Library,90,26.5,0.4,312.8,544.6,6921.0,105.2
2026-03-23,Engineering Block,1051,25.0,2.5,478.1,1824.8,25825.4,394.3
2026-03-23,Science Block,896,25.0,2.5,462.2,1607.8,21803.3,347.3
2026-03-23,Admin Block,259,25.0,1.8,254.4,945.0,10670.1,147.8
2026-03-23,Student Hostel,1500,25.0,1.9,212.9,2180.4,48126.6,671.7
2026-03-23,Central Library,563,25.0,2.5,286.4,1193.8,11977.7,169.6
2026-03-24,Engineering Block,1158,24.5,1.5,486.8,1887.5,27253.5,417.4
2026-03-24,Science Block,861,24.5,1.5,437.0,1548.5,21418.2,298.9
2026-03-24,Admin Block,310,24.5,2.4,272.2,1054.5,10237.3,140.6
2026-03-24,Student Hostel,1500,24.5,2.3,241.0,2194.4,48465.0,665.2
2026-03-24,Central Library,522,24.5,1.6,207.0,1107.0,11875.8,181.3
2026-03-25,Engineering Block,1165,22.0,0.9,465.8,1818.1,26577.2,374.7
2026-03-25,Science Block,968,22.0,0.9,451.1,1583.6,22009.8,349.3
2026-03-25,Admin Block,312,22.0,0.7,309.7,999.0,10431.0,120.2
2026-03-25,Student Hostel,1500,22.0,1.7,284.8,2158.5,47863.2,692.2
2026-03-25,Central Library,558,22.0,1.5,261.5,1189.5,12387.1,192.5
2026-03-26,Engineering Block,1040,26.0,2.7,493.7,1922.4,24745.0,384.6
2026-03-26,Science Block,936,26.0,2.6,501.3,1678.9,23598.5,333.2
2026-03-26,Admin Block,279,26.0,2.1,309.8,1040.9,11103.2,129.6
2026-03-26,Student Hostel,1500,26.0,2.2,255.1,2266.1,48002.3,677.2
2026-03-26,Central Library,602,26.0,2.2,246.2,1266.4,12498.2,202.6
2026-03-27,Engineering Block,1029,28.9,3.1,534.1,1940.0,25219.1,360.4
2026-03-27,Science Block,992,28.9,3.4,463.2,1767.1,23027.2,377.7
2026-03-27,Admin Block,275,28.9,3.5,321.3,1052.8,11140.7,126.6
2026-03-27,Student Hostel,1500,28.9,3.3,310.4,2252.9,48706.4,673.5
2026-03-27,Central Library,552,28.9,2.9,258.2,1264.7,12135.1,178.9
2026-03-28,Engineering Block,180,30.0,0.8,528.1,966.4,13184.4,165.4
2026-03-28,Science Block,142,30.0,0.6,447.3,716.0,10881.5,109.5
2026-03-28,Admin Block,45,30.0,0.6,246.4,435.3,6125.4,43.8
2026-03-28,Student Hostel,1350,30.0,3.9,272.0,2269.0,44618.3,626.7
2026-03-28,Central Library,90,30.0,0.7,285.6,583.3,6978.0,36.2
2026-03-29,Engineering Block,180,23.4,0.4,497.2,896.1,11666.9,112.0
2026-03-29,Science Block,142,23.4,0.3,494.6,754.9,10743.1,127.8
2026-03-29,Admin Block,45,23.4,0.3,318.1,468.8,5151.0,53.8
2026-03-29,Student Hostel,1350,23.4,1.6,299.2,2062.9,44827.8,616.8
2026-03-29,Central Library,90,23.4,0.3,261.2,609.2,6428.6,75.7
2026-03-30,Engineering Block,1219,22.4,1.0,494.4,1916.8,27488.9,411.8
2026-03-30,Science Block,884,22.4,1.1,442.9,1457.2,21574.3,349.3
2026-03-30,Admin Block,310,22.4,1.0,292.6,993.3,11398.2,141.9
2026-03-30,Student Hostel,1500,22.4,1.0,261.5,2134.8,47095.0,662.8
2026-03-30,Central Library,613,22.4,1.8,300.2,1265.7,12257.3,186.2
2026-03-31,Engineering Block,1247,19.8,0.6,447.8,1963.9,27089.7,419.1
2026-03-31,Science Block,850,19.8,0.2,413.0,1424.8,20258.4,287.9
2026-03-31,Admin Block,310,19.8,0.2,261.0,912.5,10846.2,116.1
2026-03-31,Student Hostel,1500,19.8,0.6,258.3,2137.8,47513.6,683.8
2026-03-31,Central Library,549,19.8,0.5,284.3,1062.0,11705.9,165.5
2026-04-01,Engineering Block,1232,23.6,2.0,421.9,2020.4,26924.9,427.1
2026-04-01,Science Block,969,23.6,1.2,488.7,1609.6,23050.1,322.7
2026-04-01,Admin Block,261,23.6,2.1,273.7,976.7,9960.9,141.4
2026-04-01,Student Hostel,1500,23.6,2.1,296.0,2269.0,47658.4,681.1
2026-04-01,Central Library,525,23.6,1.7,270.1,1147.2,11852.4,144.0
2026-04-02,Engineering Block,1052,25.1,2.0,487.5,1867.0,24103.5,393.7
2026-04-02,Science Block,954,25.1,2.1,483.3,1670.7,22047.2,338.0
2026-04-02,Admin Block,284,25.1,2.0,289.7,991.6,11617.8,118.4
2026-04-02,Student Hostel,1500,25.1,2.2,269.4,2303.9,47814.8,674.2
2026-04-02,Central Library,531,25.1,1.8,241.7,1215.7,11464.4,170.8
2026-04-03,Engineering Block,1099,23.6,1.3,500.4,1783.4,26295.4,400.5
2026-04-03,Science Block,851,23.6,1.8,476.8,1629.8,21607.1,338.7
2026-04-03,Admin Block,304,23.6,2.0,278.3,1048.8,11576.0,142.3
2026-04-03,Student Hostel,1500,23.6,1.4,250.6,2157.9,47927.1,687.5
2026-04-03,Central Library,612,23.6,1.7,247.3,1255.0,13047.0,182.3
2026-04-04,Engineering Block,180,,0.7,430.5,904.7,13604.3,158.9
2026-04-04,Science Block,142,30.5,0.6,480.9,817.2,11576.6,108.0
2026-04-04,Admin Block,45,30.5,0.7,269.8,518.7,8201.9,48.6
2026-04-04,Student Hostel,1350,30.5,3.9,270.4,2250.7,44762.8,636.7
2026-04-04,Central Library,90,30.5,0.6,291.3,580.3,7457.4,72.2
2026-04-05,Engineering Block,180,27.3,0.5,499.6,953.0,12973.0,145.0
2026-04-05,Science Block,142,27.3,0.6,498.6,787.0,10578.4,112.7
2026-04-05,Admin Block,45,27.3,0.5,292.4,410.2,6160.6,46.8
2026-04-05,Student Hostel,1350,27.3,2.7,260.1,2120.6,44404.3,650.3
2026-04-05,Central Library,90,27.3,0.5,258.1,543.1,7242.3,31.1
2026-04-06,Engineering Block,1195,28.6,3.1,470.0,2025.9,27266.7,433.3
2026-04-06,Science Block,819,28.6,3.4,508.0,1635.4,21891.0,326.1
2026-04-06,Admin Block,312,28.6,3.6,266.5,1205.7,11681.8,124.2
2026-04-06,Student Hostel,1500,28.6,3.3,267.9,2310.4,47400.9,676.5
2026-04-06,Central Library,588,28.6,3.3,238.4,1285.9,12525.2,178.3
2026-04-07,Engineering Block,1176,27.5,3.1,485.6,2076.0,27240.8,406.0
2026-04-07,Science Block,866,27.5,2.8,448.6,1624.8,21509.8,278.8
2026-04-07,Admin Block,303,27.5,2.6,310.9,1079.2,11540.3,155.0
2026-04-07,Student Hostel,1500,27.5,3.1,249.7,2265.3,48530.2,697.7
2026-04-07,Central Library,613,27.5,2.8,286.5,1316.6,13100.0,185.8
2026-04-08,Engineering Block,1146,28.3,3.1,471.2,2032.9,27023.8,394.0
2026-04-08,Science Block,913,28.3,3.5,516.7,1713.4,22656.7,329.7
2026-04-08,Admin Block,302,28.3,3.0,270.9,1137.4,10681.0,158.3
2026-04-08,Student Hostel,1500,28.3,2.9,328.2,2243.4,48167.8,696.3
2026-04-08,Central Library,570,28.3,3.2,262.2,1261.7,12850.4,168.1
2026-04-09,Engineering Block,1143,23.7,1.4,453.8,1862.0,26937.0,417.0
2026-04-09,Science Block,997,23.7,2.0,476.1,1722.1,22656.1,392.0
2026-04-09,Admin Block,303,23.7,2.1,261.4,1056.1,11986.2,155.3
2026-04-09,Student Hostel,1500,23.7,1.4,264.8,2116.8,47916.4,677.1
2026-04-09,Central Library,579,23.7,2.0,267.9,1161.0,12050.3,178.3
2026-04-10,Engineering Block,1196,22.4,1.0,470.1,3125.1,26423.3,406.8
2026-04-10,Science Block,920,22.4,0.9,468.3,1569.1,21703.8,337.5
2026-04-10,Admin Block,267,22.4,0.9,280.9,897.6,9549.0,102.0
2026-04-10,Student Hostel,1500,22.4,0.9,276.9,2112.9,47177.2,693.9
2026-04-10,Central Library,525,22.4,1.0,285.8,1123.7,11913.6,157.7
2026-04-11,Engineering Block,180,22.4,0.3,468.7,844.9,12632.3,158.2
2026-04-11,Science Block,142,22.4,0.2,441.2,741.6,10262.3,127.8
2026-04-11,Admin Block,45,22.4,0.3,301.9,425.6,6048.0,36.5
2026-04-11,Student Hostel,1350,22.4,1.1,285.8,2062.4,44725.7,599.2
2026-04-11,Central Library,90,22.4,0.2,267.6,556.0,5813.5,13.7
2026-04-12,Engineering Block,180,25.7,0.5,490.4,893.4,12382.1,162.6
2026-04-12,Science Block,142,25.7,0.5,469.6,830.0,11313.2,113.1
2026-04-12,Admin Block,45,25.7,0.5,260.2,468.2,6256.1,41.5
2026-04-12,Student Hostel,1350,25.7,1.9,276.6,2114.8,44885.2,610.5
2026-04-12,Central Library,90,25.7,0.4,287.4,544.9,7249.6,58.6
2026-04-13,Engineering Block,1245,26.6,3.0,482.1,2079.7,28986.9,430.3
2026-04-13,Science Block,876,26.6,2.2,484.6,1632.8,22260.3,327.9
2026-04-13,Admin Block,298,26.6,3.0,233.3,1140.7,11712.6,141.1
2026-04-13,Student Hostel,1500,,2.4,246.9,2195.1,47978.7,691.7
2026-04-13,Central Library,609,26.6,2.8,267.4,1273.0,12694.3,167.9
2026-04-14,Engineering Block,1237,28.5,3.1,512.7,2009.0,27976.0,404.8
2026-04-14,Science Block,866,28.5,2.7,527.2,1565.7,21978.4,302.8
2026-04-14,Admin Block,265,28.5,2.9,301.7,1028.3,10987.4,126.9
2026-04-14,Student Hostel,1500,28.5,2.8,309.4,2225.6,48130.3,675.0
2026-04-14,Central Library,513,28.5,3.6,282.1,1250.3,11345.2,134.6
2026-04-15,Engineering Block,1041,28.5,2.8,457.1,1881.0,24292.8,372.2
2026-04-15,Science Block,892,28.5,2.8,527.4,1657.5,22865.2,319.0
2026-04-15,Admin Block,266,28.5,2.7,264.7,1042.0,10632.9,130.7
2026-04-15,Student Hostel,1500,28.5,2.7,298.9,2251.4,48026.0,677.2
2026-04-15,Central Library,606,28.5,2.8,281.1,1281.2,12697.3,176.9
2026-04-16,Engineering Block,1122,23.7,1.6,465.9,1881.8,25877.8,410.2
2026-04-16,Science Block,934,23.7,2.1,470.6,1653.0,22611.5,352.6
2026-04-16,Admin Block,270,23.7,1.6,259.1,918.1,11051.7,110.0
2026-04-16,Student Hostel,1500,23.7,2.0,256.6,2217.6,47304.7,698.1
2026-04-16,Central Library,561,23.7,1.5,268.9,1132.1,12496.4,172.3
2026-04-17,Engineering Block,1161,25.2,2.3,489.3,1982.4,27205.4,412.4
2026-04-17,Science Block,910,25.2,2.6,511.8,1674.4,22006.5,293.3
2026-04-17,Admin Block,271,25.2,1.7,275.8,1098.6,11474.7,141.9
2026-04-17,Student Hostel,1500,25.2,2.3,230.0,2248.8,47746.4,712.4
2026-04-17,Central Library,621,25.2,2.1,216.0,1194.7,12297.9,165.2
2026-04-18,Engineering Block,180,22.8,0.4,446.2,899.5,12886.0,119.4
2026-04-18,Science Block,142,22.8,0.2,479.7,763.8,11035.3,94.8
2026-04-18,Admin Block,45,22.8,0.2,272.6,478.0,6449.0,41.0
2026-04-18,Student Hostel,1350,22.8,1.6,205.1,2039.7,44213.9,645.2
2026-04-18,Central Library,90,22.8,0.2,269.4,533.5,5515.6,10.0
2026-04-19,Engineering Block,180,29.1,0.7,518.3,958.5,12290.7,131.1
2026-04-19,Science Block,142,29.1,0.6,497.7,790.0,11792.3,131.1
2026-04-19,Admin Block,45,29.1,0.7,276.3,485.0,7878.1,27.0
2026-04-19,Student Hostel,1350,29.1,3.6,287.5,2260.9,45345.8,602.2
2026-04-19,Central Library,90,29.1,0.7,289.1,547.0,7486.9,64.6
2026-04-20,Engineering Block,1149,29.9,3.7,484.2,2121.6,26621.0,419.7
2026-04-20,Science Block,991,29.9,4.0,448.9,1843.7,23427.3,353.0
2026-04-20,Admin Block,307,29.9,3.4,258.4,1075.5,11843.0,123.0
2026-04-20,Student Hostel,1500,29.9,3.5,296.7,2349.0,48610.3,679.7
2026-04-20,Central Library,566,29.9,3.5,293.5,1347.1,13255.2,166.5
2026-04-21,Engineering Block,1162,26.7,2.2,475.2,1947.0,27261.6,441.3
2026-04-21,Science Block,919,26.7,2.9,460.2,1657.8,22503.3,325.5
2026-04-21,Admin Block,278,26.7,3.1,255.4,1022.4,10911.2,127.0
2026-04-21,Student Hostel,1500,26.7,2.5,274.3,2236.1,48426.3,649.2
2026-04-21,Central Library,552,26.7,2.2,307.7,1161.2,12359.1,181.8
2026-04-22,Engineering Block,1099,24.8,1.9,444.5,1944.3,26296.1,408.7
2026-04-22,Science Block,929,24.8,1.7,445.9,1564.3,21378.0,329.7
2026-04-22,Admin Block,291,24.8,1.9,255.1,1028.3,11407.3,156.4
2026-04-22,Student Hostel,1500,24.8,1.9,279.0,2228.4,48006.2,688.0
2026-04-22,Central Library,627,24.8,1.9,282.9,1258.1,11851.1,177.7
2026-04-23,Engineering Block,1140,25.7,2.4,482.0,1927.0,25650.3,398.6
2026-04-23,Science Block,924,25.7,2.7,490.2,1691.3,20698.1,339.7
2026-04-23,Admin Block,281,25.7,2.4,245.4,1064.6,11323.2,139.1
2026-04-23,Student Hostel,1500,25.7,2.6,240.6,2238.6,48009.7,663.3
2026-04-23,Central Library,581,25.7,2.6,327.3,1248.5,12331.6,167.3
2026-04-24,Engineering Block,1102,25.0,2.6,422.9,1954.2,25732.3,406.0
2026-04-24,Science Block,965,25.0,1.6,487.6,1677.1,23657.3,341.1
2026-04-24,Admin Block,262,25.0,1.7,288.2,957.8,10597.3,124.9
2026-04-24,Student Hostel,1500,25.0,2.2,280.8,2232.7,48104.3,640.6
2026-04-24,Central Library,599,25.0,2.4,280.4,1274.6,12773.3,180.4
2026-04-25,Engineering Block,180,22.5,0.3,504.4,910.7,12791.4,119.5
2026-04-25,Science Block,142,22.5,0.2,482.9,771.1,8970.5,102.5
2026-04-25,Admin Block,45,22.5,0.3,229.2,415.7,5172.1,13.6
2026-04-25,Student Hostel,1350,22.5,1.5,225.6,2056.4,44558.8,674.6
2026-04-25,Central Library,90,22.5,0.3,215.8,588.1,6229.9,68.2
2026-04-26,Engineering Block,180,27.9,0.5,498.3,919.0,13744.6,112.6
2026-04-26,Science Block,142,27.9,0.6,459.8,833.6,11519.9,90.9
2026-04-26,Admin Block,45,27.9,0.6,310.9,478.7,6231.6,68.8
2026-04-26,Student Hostel,1350,27.9,2.5,299.3,2158.1,44658.4,629.9
2026-04-26,Central Library,90,27.9,0.6,265.4,531.4,7613.4,43.7
2026-04-27,Engineering Block,1109,25.8,1.9,470.1,1890.7,25224.7,380.1
2026-04-27,Science Block,833,25.8,2.4,464.3,1553.4,20788.9,323.4
2026-04-27,Admin Block,306,25.8,2.6,274.9,1057.1,10890.0,151.0
2026-04-27,Student Hostel,1500,25.8,2.6,276.4,2274.9,48204.6,665.0
2026-04-27,Central Library,553,25.8,2.6,248.5,1280.5,11295.4,155.3
2026-04-28,Engineering Block,1207,25.3,2.5,492.2,2037.7,27188.8,400.1
2026-04-28,Science Block,973,25.3,2.5,508.9,1719.1,22626.6,345.0
2026-04-28,Admin Block,278,25.3,2.0,267.7,991.4,10603.5,122.9
2026-04-28,Student Hostel,1500,25.3,1.9,240.4,2231.9,48321.9,711.4
2026-04-28,Central Library,561,25.3,2.6,265.4,1212.8,11576.0,172.9
2026-04-29,Engineering Block,1113,22.6,1.0,483.3,1884.4,25893.6,406.0
2026-04-29,Science Block,903,22.6,1.8,436.4,1583.2,21404.4,330.7
2026-04-29,Admin Block,313,22.6,0.9,240.0,1010.5,10549.6,162.4
2026-04-29,Student Hostel,1500,22.6,1.0,280.6,2149.7,46728.1,655.8
2026-04-29,Central Library,604,22.6,0.9,278.4,1127.2,12771.4,180.4
2026-04-30,Engineering Block,1038,28.3,3.3,526.8,1925.1,25051.5,378.8
2026-04-30,Science Block,898,28.3,2.8,529.4,1626.1,22705.0,325.3
2026-04-30,Admin Block,288,28.3,3.6,274.4,1110.3,11010.4,120.2
2026-04-30,Student Hostel,1500,28.3,2.7,280.4,2220.9,48101.3,692.3
2026-04-30,Central Library,600,28.3,3.5,265.9,1378.1,13118.3,174.2
2026-05-01,Engineering Block,1176,41.2,11.0,461.5,2561.7,28792.6,407.4
2026-05-01,Science Block,836,41.2,11.8,410.9,2197.8,22204.1,288.2
2026-05-01,Admin Block,295,41.2,11.6,265.6,1653.0,12268.1,150.2
2026-05-01,Student Hostel,1500,41.2,10.8,251.7,2850.3,49915.8,659.2
2026-05-01,Central Library,614,41.2,11.5,250.3,1877.7,15109.5,192.4
2026-05-02,Engineering Block,180,38.5,2.0,454.4,1009.4,14032.5,149.9
2026-05-02,Science Block,142,38.5,1.9,467.5,915.2,12659.4,112.5
2026-05-02,Admin Block,45,38.5,1.9,306.8,604.4,8493.2,66.2
2026-05-02,Student Hostel,1350,38.5,8.5,225.1,2570.3,45693.0,624.3
2026-05-02,Central Library,90,38.5,2.0,237.3,637.4,8811.2,86.2
2026-05-03,Engineering Block,180,36.3,1.5,479.0,1027.7,15156.9,112.0
2026-05-03,Science Block,142,36.3,1.6,477.9,827.4,11791.2,105.1
2026-05-03,Admin Block,45,36.3,1.6,280.1,608.3,7593.2,43.8
2026-05-03,Student Hostel,1350,36.3,8.4,283.7,2470.5,46244.4,649.8
2026-05-03,Central Library,90,36.3,1.6,235.4,642.2,8776.8,36.7
2026-05-04,Engineering Block,1160,36.6,8.1,458.0,2381.2,28705.2,461.8
2026-05-04,Science Block,867,36.6,8.3,498.4,2006.9,23126.4,307.0
2026-05-04,Admin Block,277,36.6,7.2,275.7,1394.6,12594.5,131.4
2026-05-04,Student Hostel,1500,36.6,7.6,247.0,2585.5,50469.0,665.7
2026-05-04,Central Library,529,36.6,7.6,244.5,1501.6,13014.2,189.4
2026-05-05,Engineering Block,1139,38.7,9.4,485.4,2328.8,26495.8,382.3
2026-05-05,Science Block,905,38.7,8.7,410.9,2005.1,23627.1,335.2
2026-05-05,Admin Block,255,38.7,9.1,270.3,1426.3,11823.1,106.9
2026-05-05,Student Hostel,1500,38.7,8.8,292.0,2649.7,49138.0,660.3
2026-05-05,Central Library,606,38.7,9.6,264.0,1734.3,14575.2,189.1
2026-05-06,Engineering Block,1240,39.6,9.7,437.8,2441.7,28938.3,426.4
2026-05-06,Science Block,904,39.6,9.3,449.3,2044.4,23654.8,342.9
2026-05-06,Admin Block,266,39.6,9.8,236.8,1526.9,11818.7,128.8
2026-05-06,Student Hostel,1500,39.6,9.6,258.4,2724.9,49660.6,670.6
2026-05-06,Central Library,554,39.6,10.9,273.9,1839.4,13317.3,162.5
2026-05-07,Engineering Block,1024,39.4,10.5,396.6,2407.1,26016.9,354.5
2026-05-07,Science Block,809,39.4,10.4,476.5,2046.7,22402.3,304.0
2026-05-07,Admin Block,314,39.4,9.5,256.2,1626.6,12984.7,143.3
2026-05-07,Student Hostel,1500,39.4,10.9,229.2,2775.8,49131.0,684.2
2026-05-07,Central Library,602,39.4,10.6,236.8,1810.8,14183.1,190.2
2026-05-08,Engineering Block,1058,35.8,7.8,457.6,2235.2,25713.3,359.9
2026-05-08,Science Block,928,35.8,6.8,461.2,1889.0,23345.0,335.1
2026-05-08,Admin Block,256,35.8,8.2,263.7,1343.6,11875.7,89.1
2026-05-08,Student Hostel,1500,35.8,6.6,250.8,2513.9,49150.2,705.0
2026-05-08,Central Library,601,35.8,7.3,311.4,1605.2,13241.5,186.0
2026-05-09,Engineering Block,180,37.6,1.6,496.5,1004.3,15430.2,136.0
2026-05-09,Science Block,142,37.6,1.7,471.4,865.7,11970.9,112.8
2026-05-09,Admin Block,45,37.6,1.9,242.5,583.8,7629.8,19.0
2026-05-09,Student Hostel,1350,37.6,8.4,234.2,2483.3,46976.1,640.9
2026-05-09,Central Library,90,37.6,1.8,262.8,703.1,7367.2,34.2
2026-05-10,Engineering Block,180,39.6,2.2,469.9,1026.0,15046.4,148.3
2026-05-10,Science Block,142,39.6,2.2,409.6,882.7,13456.9,131.5
2026-05-10,Admin Block,45,39.6,2.0,299.2,569.9,8628.4,31.7
2026-05-10,Student Hostel,1350,39.6,9.5,304.3,2602.4,46373.5,602.8
2026-05-10,Central Library,90,39.6,2.1,299.8,732.1,8691.7,24.5
2026-05-11,Engineering Block,1235,42.4,12.0,473.3,2651.1,29652.0,439.4
2026-05-11,Science Block,896,42.4,11.5,463.5,2254.7,23447.1,350.1
2026-05-11,Admin Block,255,42.4,11.4,198.9,1568.1,12562.3,112.9
2026-05-11,Student Hostel,1500,42.4,12.6,259.5,2937.9,49653.2,688.6
2026-05-11,Central Library,620,42.4,12.8,238.7,1983.7,15253.5,191.1
2026-05-12,Engineering Block,1041,37.0,8.5,409.7,2303.8,26118.8,382.3
2026-05-12,Science Block,962,37.0,7.6,459.5,2031.7,24309.9,343.1
2026-05-12,Admin Block,304,37.0,9.0,252.7,1555.3,12930.0,148.3
2026-05-12,Student Hostel,1500,37.0,8.3,272.6,2637.1,49519.2,678.9
2026-05-12,Central Library,628,37.0,7.6,309.4,1564.0,14233.5,179.9
2026-05-13,Engineering Block,1214,40.8,10.3,427.3,2516.8,28556.1,411.1
2026-05-13,Science Block,885,40.8,10.3,450.2,2215.4,23525.4,303.1
2026-05-13,Admin Block,312,40.8,11.6,248.5,1695.3,12444.5,150.0
2026-05-13,Student Hostel,1500,40.8,10.2,295.0,2730.4,50244.6,686.0
2026-05-13,Central Library,552,40.8,11.2,248.7,1759.5,14095.5,187.0
2026-05-14,Engineering Block,1194,43.3,12.7,435.5,2599.3,28968.1,425.7
2026-05-14,Science Block,908,43.3,12.6,,2292.5,24716.7,317.4
2026-05-14,Admin Block,287,43.3,13.8,263.8,1868.4,13140.6,112.8
2026-05-14,Student Hostel,1500,43.3,13.7,256.1,2980.1,50523.3,687.5
2026-05-14,Central Library,611,43.3,12.6,223.0,1939.2,14947.5,164.5
2026-05-15,Engineering Block,1086,39.9,9.5,434.2,2399.9,26912.1,401.9
2026-05-15,Science Block,846,39.9,9.8,471.6,2015.9,22367.4,306.3
2026-05-15,Admin Block,261,39.9,10.4,251.7,1471.1,11909.4,104.5
2026-05-15,Student Hostel,1500,39.9,9.6,274.2,2732.0,50003.2,637.8
2026-05-15,Central Library,628,39.9,9.5,254.3,1774.5,15310.1,177.2
2026-05-16,Engineering Block,180,38.6,1.7,446.8,1010.1,13880.8,151.6
2026-05-16,Science Block,142,38.6,2.0,408.5,1474.6,12685.3,121.6
2026-05-16,Admin Block,45,38.6,1.8,287.2,580.1,7331.5,54.6
2026-05-16,Student Hostel,1350,38.6,9.4,272.4,2615.0,45446.3,635.2
2026-05-16,Central Library,90,38.6,2.0,278.2,698.3,9416.7,42.1
2026-05-17,Engineering Block,180,35.9,1.4,448.4,961.4,14427.2,137.3
2026-05-17,Science Block,142,35.9,1.5,475.2,787.9,12517.8,92.1
2026-05-17,Admin Block,45,35.9,1.7,264.4,516.2,7549.5,48.0
2026-05-17,Student Hostel,1350,35.9,8.1,276.2,2502.5,45176.8,653.8
2026-05-17,Central Library,90,35.9,1.7,273.6,1062.8,7913.5,35.6
2026-05-18,Engineering Block,1122,43.7,13.1,422.4,2611.4,27361.8,374.0
2026-05-18,Science Block,980,43.7,14.0,432.6,2490.8,25153.3,384.2
2026-05-18,Admin Block,276,43.7,13.6,216.0,1762.2,13478.7,141.6
2026-05-18,Student Hostel,1500,43.7,12.2,274.7,2977.0,50713.0,657.1
2026-05-18,Central Library,557,43.7,12.9,239.0,1948.0,13795.9,142.5
2026-05-19,Engineering Block,1134,37.9,8.1,457.7,2291.5,27241.7,403.6
2026-05-19,Science Block,943,37.9,9.9,447.0,2118.7,23797.1,361.2
2026-05-19,Admin Block,277,37.9,8.5,297.7,1431.8,11622.6,156.0
2026-05-19,Student Hostel,1500,37.9,8.7,275.7,2714.0,49640.0,673.8
2026-05-19,Central Library,555,37.9,8.5,281.4,1590.4,14043.8,183.1
2026-05-20,Engineering Block,1247,40.5,11.3,460.1,2664.7,30234.1,437.5
2026-05-20,Science Block,947,40.5,9.9,446.6,2233.2,24588.1,331.8
2026-05-20,Admin Block,255,40.5,11.4,241.9,1503.9,11923.5,123.8
2026-05-20,Student Hostel,1500,40.5,11.7,277.2,2890.2,50123.2,707.1
2026-05-20,Central Library,543,40.5,11.2,306.1,1842.7,13439.1,168.1
2026-05-21,Engineering Block,1153,30.7,5.0,444.3,2152.9,27171.1,401.1
2026-05-21,Science Block,920,30.7,3.8,495.2,1747.8,23111.8,327.6
2026-05-21,Admin Block,307,30.7,4.6,294.8,1220.8,11620.7,158.9
2026-05-21,Student Hostel,1500,30.7,3.9,279.0,2355.3,48664.7,679.5
2026-05-21,Central Library,520,30.7,3.7,305.2,1300.6,12007.3,157.5
2026-05-22,Engineering Block,1210,,11.0,452.6,2590.6,29373.9,427.9
2026-05-22,Science Block,980,40.1,11.0,426.0,2246.6,24153.7,351.7
2026-05-22,Admin Block,267,40.1,10.3,234.5,1516.3,12329.7,116.4
2026-05-22,Student Hostel,1500,40.1,11.0,302.2,2761.3,49956.0,674.9
2026-05-22,Central Library,516,40.1,11.6,261.2,1747.9,13691.9,168.6
2026-05-23,Engineering Block,180,35.8,1.4,448.8,987.5,14573.6,126.8
2026-05-23,Science Block,142,35.8,1.7,478.6,828.8,12612.5,105.1
2026-05-23,Admin Block,45,35.8,1.4,258.1,539.9,7624.5,34.1
2026-05-23,Student Hostel,1350,35.8,7.7,250.0,2445.8,45471.8,601.2
2026-05-23,Central Library,90,35.8,1.6,283.9,665.1,8044.4,78.1
2026-05-24,Engineering Block,180,39.3,2.1,471.6,1026.3,14398.4,150.7
2026-05-24,Science Block,142,39.3,2.0,451.9,876.5,12681.1,106.8
2026-05-24,Admin Block,45,39.3,1.8,262.6,570.8,8192.7,40.6
2026-05-24,Student Hostel,1350,39.3,9.3,249.0,2570.0,45991.6,651.2
2026-05-24,Central Library,90,39.3,1.9,302.1,660.5,8421.0,63.0
2026-05-25,Engineering Block,1100,39.8,9.5,456.4,2398.7,26997.4,361.5
2026-05-25,Science Block,958,39.8,9.8,469.8,2130.7,23726.8,372.9
2026-05-25,Admin Block,287,39.8,9.6,269.3,1523.8,13086.8,155.9
2026-05-25,Student Hostel,1500,39.8,11.1,248.3,2768.5,49297.5,683.3
2026-05-25,Central Library,613,39.8,9.7,264.3,1702.0,15064.8,204.7
2026-05-26,Engineering Block,1217,41.3,10.5,416.6,2532.5,29388.9,428.6
2026-05-26,Science Block,830,41.3,11.4,435.1,2112.4,22728.8,282.2
2026-05-26,Admin Block,305,41.3,12.2,296.4,1666.3,13466.4,121.3
2026-05-26,Student Hostel,1500,41.3,12.3,287.1,2935.7,50258.1,670.1
2026-05-26,Central Library,544,41.3,11.9,277.4,1810.9,14570.3,121.0
2026-05-27,Engineering Block,1184,41.9,12.0,455.5,2638.7,28752.4,416.8
2026-05-27,Science Block,879,41.9,11.7,459.2,2227.9,24194.7,347.6
2026-05-27,Admin Block,272,41.9,11.1,265.2,1626.5,13316.5,155.5
2026-05-27,Student Hostel,1500,41.9,12.1,253.2,2860.5,50466.1,702.1
2026-05-27,Central Library,586,41.9,12.7,231.3,1901.9,15597.6,172.9
2026-05-28,Engineering Block,1055,38.6,9.0,403.7,2276.9,27467.1,357.5
2026-05-28,Science Block,857,38.6,8.9,438.9,1996.1,23118.1,366.5
2026-05-28,Admin Block,311,38.6,10.5,251.0,1637.2,13498.2,131.8
2026-05-28,Student Hostel,1500,38.6,9.0,263.6,2704.0,50509.9,680.4
2026-05-28,Central Library,610,38.6,10.2,277.2,1739.0,14151.9,179.1
2026-05-29,Engineering Block,1132,36.6,8.6,496.8,2323.5,27388.6,417.0
2026-05-29,Science Block,918,36.6,8.9,474.7,2042.3,23595.5,292.7
2026-05-29,Admin Block,311,36.6,7.8,273.0,1482.4,11846.6,150.6
2026-05-29,Student Hostel,1500,36.6,9.0,247.0,2661.8,49568.2,678.5
2026-05-29,Central Library,543,36.6,7.3,258.2,1540.5,12201.5,157.8
2026-05-30,Engineering Block,180,44.2,2.8,413.5,1083.3,15224.7,136.0
2026-05-30,Science Block,142,44.2,2.6,406.5,956.4,12960.3,115.2
2026-05-30,Admin Block,45,44.2,2.8,241.6,635.3,9173.2,56.1
2026-05-30,Student Hostel,1350,44.2,13.9,272.9,2904.9,47122.7,639.1
2026-05-30,Central Library,90,44.2,2.8,246.4,769.6,8943.3,58.1
2026-05-31,Engineering Block,180,44.3,2.8,448.3,1061.4,14861.0,148.5
2026-05-31,Science Block,142,44.3,2.5,423.6,897.3,13259.1,96.0
2026-05-31,Admin Block,45,44.3,2.8,285.2,637.7,8537.6,36.3
2026-05-31,Student Hostel,1350,44.3,14.0,266.7,2874.6,47514.9,637.4
2026-05-31,Central Library,90,44.3,2.5,273.0,689.8,9426.8,71.8
2026-06-01,Engineering Block,449,38.0,9.9,515.9,1807.3,17683.2,194.0
2026-06-01,Science Block,326,38.0,9.1,433.1,1500.1,14870.5,163.2
2026-06-01,Admin Block,114,38.0,9.7,263.2,1255.5,8560.7,52.2
2026-06-01,Student Hostel,1500,38.0,9.3,277.7,2679.4,49819.3,671.4
2026-06-01,Central Library,247,38.0,9.4,270.8,1380.4,10400.8,108.6
2026-06-02,Engineering Block,497,34.8,6.0,497.3,1575.5,17907.1,202.1
2026-06-02,Science Block,324,34.8,6.2,485.5,1305.7,14992.9,172.2
2026-06-02,Admin Block,117,34.8,7.8,279.7,1097.5,8478.3,116.8
2026-06-02,Student Hostel,1500,34.8,6.1,312.4,2467.4,48485.0,675.4
2026-06-02,Central Library,251,34.8,7.7,280.7,1239.4,9481.5,84.8
2026-06-03,Engineering Block,477,39.2,10.1,443.7,1859.8,19326.4,221.1
2026-06-03,Science Block,377,39.2,10.9,436.6,1634.7,16827.1,179.1
2026-06-03,Admin Block,106,39.2,10.2,283.6,1231.1,8657.2,75.6
2026-06-03,Student Hostel,1500,39.2,10.2,294.0,2796.3,49708.3,666.7
2026-06-03,Central Library,243,39.2,10.5,216.1,1394.7,10611.6,46.5
2026-06-04,Engineering Block,453,38.7,8.8,526.1,1760.1,18496.1,214.1
2026-06-04,Science Block,382,38.7,8.8,446.3,1546.8,16292.1,163.6
2026-06-04,Admin Block,113,38.7,8.9,296.0,1185.4,10621.3,55.5
2026-06-04,Student Hostel,1500,38.7,10.5,251.4,2738.0,49732.7,687.1
2026-06-04,Central Library,235,38.7,10.3,230.9,1391.0,10033.9,128.2
2026-06-05,Engineering Block,480,36.8,7.5,471.1,1695.0,19622.4,214.7
2026-06-05,Science Block,395,36.8,9.1,454.7,1529.5,15909.6,165.1
2026-06-05,Admin Block,110,36.8,9.2,353.6,1197.4,8483.7,55.2
2026-06-05,Student Hostel,1500,36.8,9.0,238.3,2723.3,50552.1,656.1
2026-06-05,Central Library,233,36.8,9.2,303.4,1307.4,10564.5,93.9
2026-06-06,Engineering Block,72,44.3,2.8,395.3,996.9,14183.8,114.7
2026-06-06,Science Block,57,44.3,2.6,427.9,794.5,12275.8,92.4
2026-06-06,Admin Block,18,44.3,2.6,292.6,503.1,8221.4,10.0
2026-06-06,Student Hostel,1350,44.3,12.5,245.1,2765.7,46785.3,637.6
2026-06-06,Central Library,36,44.3,2.8,245.3,639.9,8832.1,26.7
2026-06-07,Engineering Block,72,42.7,2.6,461.4,1005.0,13454.2,117.0
2026-06-07,Science Block,57,42.7,2.5,389.8,800.2,12182.2,105.2
2026-06-07,Admin Block,18,42.7,2.6,272.2,549.9,8370.8,41.9
2026-06-07,Student Hostel,1350,42.7,12.8,253.6,2785.8,46784.9,609.4
2026-06-07,Central Library,36,42.7,2.4,251.2,634.5,8375.3,44.2
2026-06-08,Engineering Block,423,41.7,10.7,423.5,1791.5,18793.8,219.0
2026-06-08,Science Block,346,41.7,12.6,411.9,1734.1,14735.5,185.7
2026-06-08,Admin Block,114,41.7,12.0,233.4,1384.4,9315.1,69.0
2026-06-08,Student Hostel,1500,41.7,11.7,250.1,2861.9,49316.2,661.5
2026-06-08,Central Library,235,41.7,12.0,322.5,1494.5,10028.9,48.8
2026-06-09,Engineering Block,441,35.9,8.3,476.5,1764.7,17228.3,230.3
2026-06-09,Science Block,346,35.9,6.9,448.9,1439.4,15603.2,184.1
2026-06-09,Admin Block,118,35.9,8.2,330.4,1103.9,8788.2,80.9
2026-06-09,Student Hostel,1500,35.9,6.8,276.6,2575.1,48585.6,639.0
2026-06-09,Central Library,231,35.9,7.5,327.7,1216.9,9448.3,110.3
2026-06-10,Engineering Block,461,39.0,9.6,446.4,1839.5,17881.5,220.5
2026-06-10,Science Block,368,39.0,10.6,467.9,1640.3,16018.1,157.1
2026-06-10,Admin Block,118,39.0,8.9,270.3,1157.6,9020.0,81.6
2026-06-10,Student Hostel,1500,39.0,9.7,306.0,2743.9,50317.3,676.4
2026-06-10,Central Library,250,39.0,9.7,293.6,1377.4,10143.6,88.1
2026-06-11,Engineering Block,474,39.3,10.2,475.4,1837.8,18253.4,222.5
2026-06-11,Science Block,354,39.3,9.4,471.2,1527.4,17066.5,139.3
2026-06-11,Admin Block,116,39.3,10.1,229.0,1211.0,9220.4,88.1
2026-06-11,Student Hostel,1500,39.3,9.9,253.5,2734.1,50143.2,713.2
2026-06-11,Central Library,239,39.3,9.6,232.6,1327.1,10418.0,79.8
2026-06-12,Engineering Block,497,37.4,8.9,466.2,1752.2,18375.9,189.0
2026-06-12,Science Block,357,37.4,8.1,503.4,1428.7,15418.5,192.2
2026-06-12,Admin Block,117,37.4,8.8,274.5,1165.4,8955.2,88.5
2026-06-12,Student Hostel,1500,37.4,8.6,338.2,2617.6,49187.3,660.6
2026-06-12,Central Library,229,37.4,9.4,267.4,1329.3,9927.2,92.4
2026-06-13,Engineering Block,72,37.8,1.9,458.7,960.0,13121.8,86.3
2026-06-13,Science Block,57,37.8,1.8,511.8,797.1,11865.2,70.3
2026-06-13,Admin Block,18,37.8,1.8,289.4,529.6,7139.9,48.7
2026-06-13,Student Hostel,1350,37.8,8.8,274.2,2519.0,47469.2,607.8
2026-06-13,Central Library,36,37.8,1.9,248.1,639.2,8419.6,50.5
2026-06-14,Engineering Block,72,39.9,2.2,408.4,966.2,13399.6,87.5
2026-06-14,Science Block,57,39.9,2.0,425.8,768.4,12144.5,45.1
2026-06-14,Admin Block,18,39.9,2.1,283.8,463.3,6663.8,10.0
2026-06-14,Student Hostel,1350,39.9,10.2,258.4,2662.9,46406.9,641.4
2026-06-14,Central Library,36,39.9,2.0,241.0,600.8,8351.7,34.7
2026-06-15,Engineering Block,472,39.7,9.6,444.3,1815.4,18321.2,223.8
2026-06-15,Science Block,372,39.7,9.3,480.5,1574.8,16515.2,147.1
2026-06-15,Admin Block,121,39.7,10.1,263.6,1276.2,8694.0,87.1
2026-06-15,Student Hostel,1500,39.7,10.6,192.4,2770.8,48729.8,674.2
2026-06-15,Central Library,250,39.7,9.6,305.7,1344.2,10181.3,58.4
2026-06-16,Engineering Block,414,39.4,9.6,479.5,1745.9,17820.9,194.7
2026-06-16,Science Block,383,39.4,10.7,472.4,1664.7,16358.6,155.1
2026-06-16,Admin Block,111,39.4,9.4,265.7,1127.3,9339.7,39.2
2026-06-16,Student Hostel,1500,39.4,9.3,300.2,2702.7,49755.5,689.7
2026-06-16,Central Library,223,39.4,11.1,276.3,1477.2,10097.2,102.2
2026-06-17,Engineering Block,474,38.1,9.5,465.1,1761.6,18656.4,252.2
2026-06-17,Science Block,333,38.1,9.1,466.5,1475.0,14686.8,168.5
2026-06-17,Admin Block,108,38.1,8.9,263.1,1224.7,9522.3,71.4
2026-06-17,Student Hostel,1500,38.1,9.7,300.9,2739.1,49292.1,674.7
2026-06-17,Central Library,242,38.1,8.3,323.6,1208.2,9966.2,104.1
2026-06-18,Engineering Block,484,34.7,7.6,503.5,1686.1,18302.6,228.9
2026-06-18,Science Block,345,34.7,7.6,519.0,1456.5,14781.1,127.4
2026-06-18,Admin Block,123,34.7,6.7,277.6,1014.2,9603.5,61.2
2026-06-18,Student Hostel,1500,34.7,6.4,274.9,2532.5,49318.7,656.3
2026-06-18,Central Library,248,34.7,5.9,255.8,1130.5,8672.3,86.3
2026-06-19,Engineering Block,440,37.5,9.5,433.9,1783.8,17982.2,215.1
2026-06-19,Science Block,375,37.5,8.5,434.1,1522.3,15336.2,146.0
2026-06-19,Admin Block,124,37.5,8.7,267.7,1136.3,8953.8,84.8
2026-06-19,Student Hostel,1500,37.5,8.0,276.9,2629.3,49579.9,685.2
2026-06-19,Central Library,237,37.5,9.7,267.9,1271.6,9686.2,131.1
2026-06-20,Engineering Block,72,40.7,2.4,497.3,993.4,13467.2,88.4
2026-06-20,Science Block,57,40.7,2.3,484.1,792.8,11153.3,103.5
2026-06-20,Admin Block,18,40.7,2.1,241.8,575.0,7589.4,10.0
2026-06-20,Student Hostel,1350,40.7,10.2,287.0,2704.8,47516.2,615.5
2026-06-20,Central Library,36,40.7,2.2,264.6,629.2,8310.5,36.6
2026-06-21,Engineering Block,72,40.7,2.3,487.0,951.3,14117.4,142.2
2026-06-21,Science Block,57,40.7,2.3,439.1,855.8,11558.9,99.2
2026-06-21,Admin Block,18,40.7,2.2,259.3,549.7,7634.0,13.4
2026-06-21,Student Hostel,1350,40.7,11.2,259.0,2688.5,47081.6,643.5
2026-06-21,Central Library,36,40.7,2.2,305.3,592.7,8547.1,16.7
2026-06-22,Engineering Block,426,35.7,7.9,437.4,1648.7,17864.6,193.0
2026-06-22,Science Block,338,35.7,8.4,454.5,1461.7,15037.2,176.5
2026-06-22,Admin Block,113,35.7,8.1,286.1,1131.0,9209.7,85.7
2026-06-22,Student Hostel,1500,35.7,7.2,312.8,2600.0,49769.9,699.5
2026-06-22,Central Library,248,35.7,6.8,271.3,1168.5,10994.7,75.1
2026-06-23,Engineering Block,438,39.3,10.5,472.7,1817.4,17571.6,178.8
2026-06-23,Science Block,334,39.3,9.8,467.8,1592.3,14665.6,168.9
2026-06-23,Admin Block,111,39.3,9.7,263.4,1200.4,9900.7,61.7
2026-06-23,Student Hostel,1500,39.3,9.4,262.0,2750.9,50170.0,693.9
2026-06-23,Central Library,229,39.3,10.7,270.6,1382.3,9831.0,121.5
2026-06-24,Engineering Block,417,41.4,12.1,455.5,1879.2,17796.4,226.2
2026-06-24,Science Block,377,41.4,11.6,472.1,1692.0,14731.8,163.6
2026-06-24,Admin Block,102,41.4,12.0,278.1,1355.9,9220.6,64.0
2026-06-24,Student Hostel,1500,41.4,11.1,292.7,2871.1,50857.6,680.2
2026-06-24,Central Library,248,41.4,12.3,225.3,1513.6,9635.6,99.8
2026-06-25,Engineering Block,469,40.0,10.1,393.5,1870.4,17964.0,229.5
2026-06-25,Science Block,332,40.0,10.1,474.1,1604.4,16054.0,154.0
2026-06-25,Admin Block,103,40.0,9.9,269.5,1198.1,9416.9,49.8
2026-06-25,Student Hostel,1500,40.0,11.1,244.1,2864.7,50328.6,700.2
2026-06-25,Central Library,245,40.0,11.2,247.9,1496.8,10903.7,103.3
2026-06-26,Engineering Block,466,36.7,9.1,461.9,1815.8,18378.4,220.7
2026-06-26,Science Block,331,36.7,8.3,516.3,1490.7,14925.3,164.6
2026-06-26,Admin Block,106,36.7,7.2,329.9,1033.9,8884.9,45.2
2026-06-26,Student Hostel,1500,36.7,8.0,272.8,2617.8,49103.3,668.2
2026-06-26,Central Library,215,36.7,8.2,275.0,1265.1,10227.9,78.7
2026-06-27,Engineering Block,72,35.0,1.3,497.5,901.7,11567.7,83.0
2026-06-27,Science Block,57,35.0,1.4,484.3,779.6,10114.8,91.4
2026-06-27,Admin Block,18,35.0,1.4,262.8,547.7,6343.2,55.8
2026-06-27,Student Hostel,1350,35.0,7.8,251.7,2499.4,46929.6,625.2
2026-06-27,Central Library,36,35.0,1.5,245.3,644.0,6587.9,44.6
2026-06-28,Engineering Block,72,34.7,1.2,458.0,892.0,11145.5,89.2
2026-06-28,Science Block,57,34.7,1.5,489.8,808.3,10918.6,72.7
2026-06-28,Admin Block,18,34.7,1.4,301.0,517.6,5640.8,32.3
2026-06-28,Student Hostel,1350,34.7,6.2,272.4,2320.7,46538.7,633.5
2026-06-28,Central Library,36,34.7,1.5,280.3,574.6,7961.5,38.6
2026-06-29,Engineering Block,468,37.5,8.5,444.2,1722.4,18229.9,207.1
2026-06-29,Science Block,372,37.5,8.3,462.8,1511.5,15014.4,157.3
2026-06-29,Admin Block,113,37.5,8.8,278.3,1219.2,9971.2,85.8
2026-06-29,Student Hostel,1500,37.5,8.8,240.9,2656.4,50200.7,655.2
2026-06-29,Central Library,243,37.5,8.1,201.3,1208.3,10352.1,80.1
2026-06-30,Engineering Block,424,40.5,11.6,444.2,1879.5,17850.7,213.7
2026-06-30,Science Block,368,40.5,11.6,465.7,1741.9,15402.0,157.3
2026-06-30,Admin Block,102,40.5,10.7,258.9,1269.7,9344.6,63.2
2026-06-30,Student Hostel,1500,40.5,10.8,265.3,2766.1,48421.9,647.0
2026-06-30,Central Library,225,40.5,11.1,230.9,1413.4,9568.7,82.1
